timestamp,left_ear,right_ear,avg_ear,gaze_ratio_left,gaze_ratio_right,blink,vertical_gaze_ratio_left,vertical_gaze_ratio_right,attention_score
0.7171337604522705,0.25412238268684395,0.22173492933568034,0.23792865601126215,0.554780477294789,0.5054251403975702,0,0.35191036077088245,0.26756346045627466,0.0
0.9203736782073975,0.0,0.0,0.0,0.5,0.5,0,0.5,0.5,0.0
0.9398674964904785,0.0,0.0,0.0,0.5,0.5,0,0.5,0.5,0.0
0.9561910629272461,0.0,0.0,0.0,0.5,0.5,0,0.5,0.5,0.0
1.0058002471923828,0.0,0.0,0.0,0.5,0.5,0,0.5,0.5,0.0
1.0205683708190918,0.0,0.0,0.0,0.5,0.5,0,0.5,0.5,0.0
1.0365984439849854,0.0,0.0,0.0,0.5,0.5,0,0.5,0.5,0.0
1.0512402057647705,0.0,0.0,0.0,0.5,0.5,0,0.5,0.5,0.0
1.1324870586395264,0.0,0.0,0.0,0.5,0.5,0,0.5,0.5,0.0
1.1472721099853516,0.0,0.0,0.0,0.5,0.5,0,0.5,0.5,0.0
1.1597867012023926,0.0,0.0,0.0,0.5,0.5,0,0.5,0.5,0.0
1.1747934818267822,0.0,0.0,0.0,0.5,0.5,0,0.5,0.5,0.0
1.261427402496338,0.0,0.0,0.0,0.5,0.5,0,0.5,0.5,0.0
1.278230905532837,0.0,0.0,0.0,0.5,0.5,0,0.5,0.5,0.0
1.2936599254608154,0.0,0.0,0.0,0.5,0.5,0,0.5,0.5,0.0
1.3084237575531006,0.0,0.0,0.0,0.5,0.5,0,0.5,0.5,0.0
1.4058332443237305,0.0,0.0,0.0,0.5,0.5,0,0.5,0.5,0.0
1.4199881553649902,0.0,0.0,0.0,0.5,0.5,0,0.5,0.5,0.0
1.4319839477539062,0.0,0.0,0.0,0.5,0.5,0,0.5,0.5,0.0
1.4448461532592773,0.0,0.0,0.0,0.5,0.5,0,0.5,0.5,0.0
1.5461602210998535,0.295891214403392,0.306718883423934,0.301305048913663,0.46100112478744626,0.47941783073318067,0,0.491703982242844,0.47936513580817613,0.0
1.5742805004119873,0.295891214403392,0.306718883423934,0.301305048913663,0.46100112478744626,0.47941783073318067,0,0.491703982242844,0.47936513580817613,0.0
1.6044929027557373,0.295891214403392,0.306718883423934,0.301305048913663,0.46100112478744626,0.47941783073318067,0,0.491703982242844,0.47936513580817613,0.0
1.636723279953003,0.295891214403392,0.306718883423934,0.301305048913663,0.46100112478744626,0.47941783073318067,0,0.491703982242844,0.47936513580817613,0.0
1.6745116710662842,0.3433232023433005,0.3656201850499344,0.35447169369661746,0.45535134019281387,0.39304796155958155,0,0.4914644686264238,0.4637953511048043,0.0
1.7033674716949463,0.3433232023433005,0.3656201850499344,0.35447169369661746,0.45535134019281387,0.39304796155958155,0,0.4914644686264238,0.4637953511048043,0.0
1.7308359146118164,0.3433232023433005,0.3656201850499344,0.35447169369661746,0.45535134019281387,0.39304796155958155,0,0.4914644686264238,0.4637953511048043,0.0
1.7559587955474854,0.3433232023433005,0.3656201850499344,0.35447169369661746,0.45535134019281387,0.39304796155958155,0,0.4914644686264238,0.4637953511048043,0.0
1.8187315464019775,0.34679757130087563,0.35277228084024725,0.34978492607056144,0.43647577381424085,0.36591590743908253,0,0.5162987188779922,0.4920963237970166,0.0
1.8431615829467773,0.34679757130087563,0.35277228084024725,0.34978492607056144,0.43647577381424085,0.36591590743908253,0,0.5162987188779922,0.4920963237970166,0.0
1.8688294887542725,0.34679757130087563,0.35277228084024725,0.34978492607056144,0.43647577381424085,0.36591590743908253,0,0.5162987188779922,0.4920963237970166,0.0
1.89656662940979,0.34679757130087563,0.35277228084024725,0.34978492607056144,0.43647577381424085,0.36591590743908253,0,0.5162987188779922,0.4920963237970166,0.0
1.943476915359497,0.3623965205240476,0.37524419825521466,0.3688203593896311,0.41392630312266243,0.37395215165064133,0,0.5226498667354117,0.49374388691434423,0.0
1.9694786071777344,0.3623965205240476,0.37524419825521466,0.3688203593896311,0.41392630312266243,0.37395215165064133,0,0.5226498667354117,0.49374388691434423,0.0
1.996448040008545,0.3623965205240476,0.37524419825521466,0.3688203593896311,0.41392630312266243,0.37395215165064133,0,0.5226498667354117,0.49374388691434423,0.0
2.0229620933532715,0.3623965205240476,0.37524419825521466,0.3688203593896311,0.41392630312266243,0.37395215165064133,0,0.5226498667354117,0.49374388691434423,0.0
2.073246717453003,0.3645817314622253,0.3841920248024802,0.3743868781323527,0.41630792791274496,0.4039725479859195,0,0.5112503749985335,0.4921787142373109,0.0
2.101040840148926,0.3645817314622253,0.3841920248024802,0.3743868781323527,0.41630792791274496,0.4039725479859195,0,0.5112503749985335,0.4921787142373109,0.0
2.128296375274658,0.3645817314622253,0.3841920248024802,0.3743868781323527,0.41630792791274496,0.4039725479859195,0,0.5112503749985335,0.4921787142373109,0.0
2.1572229862213135,0.3645817314622253,0.3841920248024802,0.3743868781323527,0.41630792791274496,0.4039725479859195,0,0.5112503749985335,0.4921787142373109,0.0
2.21769118309021,0.3343499665754451,0.3651993601252692,0.3497746633503571,0.39511568361017907,0.40847957680001745,0,0.5046562149428124,0.4969106984057795,0.0
2.2452828884124756,0.3343499665754451,0.3651993601252692,0.3497746633503571,0.39511568361017907,0.40847957680001745,0,0.5046562149428124,0.4969106984057795,0.0
2.274127960205078,0.3343499665754451,0.3651993601252692,0.3497746633503571,0.39511568361017907,0.40847957680001745,0,0.5046562149428124,0.4969106984057795,0.0
2.3033344745635986,0.3343499665754451,0.3651993601252692,0.3497746633503571,0.39511568361017907,0.40847957680001745,0,0.5046562149428124,0.4969106984057795,0.0
2.3176488876342773,0.0,0.0,0.0,0.5,0.5,0,0.5,0.5,0.0
2.3333587646484375,0.0,0.0,0.0,0.5,0.5,0,0.5,0.5,0.0
2.3466269969940186,0.0,0.0,0.0,0.5,0.5,0,0.5,0.5,0.0
2.3610122203826904,0.0,0.0,0.0,0.5,0.5,0,0.5,0.5,0.0
2.397179365158081,0.0,0.0,0.0,0.5,0.5,0,0.5,0.5,0.0
2.4121100902557373,0.0,0.0,0.0,0.5,0.5,0,0.5,0.5,0.0
2.4592015743255615,0.0,0.0,0.0,0.5,0.5,0,0.5,0.5,0.0
2.4738268852233887,0.0,0.0,0.0,0.5,0.5,0,0.5,0.5,0.0
2.5401229858398438,0.0,0.0,0.0,0.5,0.5,0,0.5,0.5,0.0
2.5533041954040527,0.0,0.0,0.0,0.5,0.5,0,0.5,0.5,0.0
2.6050899028778076,0.0,0.0,0.0,0.5,0.5,0,0.5,0.5,0.0
2.621854782104492,0.0,0.0,0.0,0.5,0.5,0,0.5,0.5,0.0
2.667841672897339,0.0,0.0,0.0,0.5,0.5,0,0.5,0.5,0.0
2.681689739227295,0.0,0.0,0.0,0.5,0.5,0,0.5,0.5,0.0
2.732571601867676,0.0,0.0,0.0,0.5,0.5,0,0.5,0.5,0.0
2.749180555343628,0.0,0.0,0.0,0.5,0.5,0,0.5,0.5,0.0
2.7976582050323486,0.0,0.0,0.0,0.5,0.5,0,0.5,0.5,0.0
2.813473701477051,0.0,0.0,0.0,0.5,0.5,0,0.5,0.5,0.0
2.860788345336914,0.0,0.0,0.0,0.5,0.5,0,0.5,0.5,0.0
2.8752646446228027,0.0,0.0,0.0,0.5,0.5,0,0.5,0.5,0.0
2.9407033920288086,0.0,0.0,0.0,0.5,0.5,0,0.5,0.5,0.0
2.956498861312866,0.0,0.0,0.0,0.5,0.5,0,0.5,0.5,0.0
3.004944324493408,0.0,0.0,0.0,0.5,0.5,0,0.5,0.5,0.0
3.0201470851898193,0.0,0.0,0.0,0.5,0.5,0,0.5,0.5,0.0
3.0685410499572754,0.0,0.0,0.0,0.5,0.5,0,0.5,0.5,0.0
3.0839295387268066,0.0,0.0,0.0,0.5,0.5,0,0.5,0.5,0.0
3.1361241340637207,0.0,0.0,0.0,0.5,0.5,0,0.5,0.5,0.0
3.1524055004119873,0.0,0.0,0.0,0.5,0.5,0,0.5,0.5,0.0
3.196657657623291,0.0,0.0,0.0,0.5,0.5,0,0.5,0.5,0.0
3.2136592864990234,0.0,0.0,0.0,0.5,0.5,0,0.5,0.5,0.0
3.2780652046203613,0.0,0.0,0.0,0.5,0.5,0,0.5,0.5,0.0
3.2968313694000244,0.0,0.0,0.0,0.5,0.5,0,0.5,0.5,0.0
3.3409223556518555,0.0,0.0,0.0,0.5,0.5,0,0.5,0.5,0.0
3.3565852642059326,0.0,0.0,0.0,0.5,0.5,0,0.5,0.5,0.0
3.405155658721924,0.0,0.0,0.0,0.5,0.5,0,0.5,0.5,0.0
3.4207205772399902,0.0,0.0,0.0,0.5,0.5,0,0.5,0.5,0.0
3.469681978225708,0.0,0.0,0.0,0.5,0.5,0,0.5,0.5,0.0
3.4866886138916016,0.0,0.0,0.0,0.5,0.5,0,0.5,0.5,0.0
3.5350801944732666,0.0,0.0,0.0,0.5,0.5,0,0.5,0.5,0.0
3.5560805797576904,0.0,0.0,0.0,0.5,0.5,0,0.5,0.5,0.0
3.5961685180664062,0.0,0.0,0.0,0.5,0.5,0,0.5,0.5,0.0
3.615142583847046,0.0,0.0,0.0,0.5,0.5,0,0.5,0.5,0.0
3.633150577545166,0.0,0.0,0.0,0.5,0.5,0,0.5,0.5,0.0
3.6766417026519775,0.0,0.0,0.0,0.5,0.5,0,0.5,0.5,0.0
3.742295503616333,0.0,0.0,0.0,0.5,0.5,0,0.5,0.5,0.0
3.7582950592041016,0.0,0.0,0.0,0.5,0.5,0,0.5,0.5,0.0
3.8048129081726074,0.0,0.0,0.0,0.5,0.5,0,0.5,0.5,0.0
3.8208489418029785,0.0,0.0,0.0,0.5,0.5,0,0.5,0.5,0.0
3.8782262802124023,0.0,0.0,0.0,0.5,0.5,0,0.5,0.5,0.0
3.896737575531006,0.0,0.0,0.0,0.5,0.5,0,0.5,0.5,0.0
3.9342873096466064,0.0,0.0,0.0,0.5,0.5,0,0.5,0.5,0.0
3.950141191482544,0.0,0.0,0.0,0.5,0.5,0,0.5,0.5,0.0
4.014352798461914,0.0,0.0,0.0,0.5,0.5,0,0.5,0.5,0.0
4.032353162765503,0.0,0.0,0.0,0.5,0.5,0,0.5,0.5,0.0
4.049254417419434,0.0,0.0,0.0,0.5,0.5,0,0.5,0.5,0.0
4.076122999191284,0.0,0.0,0.0,0.5,0.5,0,0.5,0.5,0.0
4.141083002090454,0.0,0.0,0.0,0.5,0.5,0,0.5,0.5,0.0
4.158093690872192,0.0,0.0,0.0,0.5,0.5,0,0.5,0.5,0.0
4.205634832382202,0.0,0.0,0.0,0.5,0.5,0,0.5,0.5,0.0
4.221633195877075,0.0,0.0,0.0,0.5,0.5,0,0.5,0.5,0.0
4.271993160247803,0.0,0.0,0.0,0.5,0.5,0,0.5,0.5,0.0
4.290505647659302,0.0,0.0,0.0,0.5,0.5,0,0.5,0.5,0.0
4.336326837539673,0.0,0.0,0.0,0.5,0.5,0,0.5,0.5,0.0
4.359326601028442,0.0,0.0,0.0,0.5,0.5,0,0.5,0.5,0.0
4.382333278656006,0.0,0.0,0.0,0.5,0.5,0,0.5,0.5,0.0
4.414732933044434,0.0,0.0,0.0,0.5,0.5,0,0.5,0.5,0.0
4.432132244110107,0.0,0.0,0.0,0.5,0.5,0,0.5,0.5,0.0
4.476707696914673,0.0,0.0,0.0,0.5,0.5,0,0.5,0.5,0.0
4.540464162826538,0.0,0.0,0.0,0.5,0.5,0,0.5,0.5,0.0
4.557464122772217,0.0,0.0,0.0,0.5,0.5,0,0.5,0.5,0.0
4.6052258014678955,0.0,0.0,0.0,0.5,0.5,0,0.5,0.5,0.0
4.622226238250732,0.0,0.0,0.0,0.5,0.5,0,0.5,0.5,0.0
4.668396949768066,0.0,0.0,0.0,0.5,0.5,0,0.5,0.5,0.0
4.684998273849487,0.0,0.0,0.0,0.5,0.5,0,0.5,0.5,0.0
4.748724460601807,0.0,0.0,0.0,0.5,0.5,0,0.5,0.5,0.0
4.765732765197754,0.0,0.0,0.0,0.5,0.5,0,0.5,0.5,0.0
4.782414674758911,0.0,0.0,0.0,0.5,0.5,0,0.5,0.5,0.0
4.812514066696167,0.0,0.0,0.0,0.5,0.5,0,0.5,0.5,0.0
4.826830863952637,0.0,0.0,0.0,0.5,0.5,0,0.5,0.5,0.0
4.877176761627197,0.0,0.0,0.0,0.5,0.5,0,0.5,0.5,0.0
4.941335678100586,0.0,0.0,0.0,0.5,0.5,0,0.5,0.5,0.0
4.958343505859375,0.0,0.0,0.0,0.5,0.5,0,0.5,0.5,0.0
5.003791093826294,0.0,0.0,0.0,0.5,0.5,0,0.5,0.5,0.0
5.018314361572266,0.0,0.0,0.0,0.5,0.5,0,0.5,0.5,0.0
5.081385374069214,0.32538049862698143,0.3082421217285134,0.31681131017774744,0.4107366398814781,0.4216791618925993,0,0.4710827092626589,0.4597074187045958,83.96
5.109543323516846,0.32538049862698143,0.3082421217285134,0.31681131017774744,0.4107366398814781,0.4216791618925993,0,0.4710827092626589,0.4597074187045958,83.96
5.136531829833984,0.32538049862698143,0.3082421217285134,0.31681131017774744,0.4107366398814781,0.4216791618925993,0,0.4710827092626589,0.4597074187045958,83.96
5.161041498184204,0.36265593531877055,0.3669151558213039,0.36478554557003723,0.4702143729660677,0.444585835721977,0,0.5019522561305291,0.4767066500652035,76.03
5.186779737472534,0.36265593531877055,0.3669151558213039,0.36478554557003723,0.4702143729660677,0.444585835721977,0,0.5019522561305291,0.4767066500652035,76.03
5.224127292633057,0.37046121493668016,0.3792896225986327,0.3748754187676564,0.49364142442981523,0.4386124778605951,0,0.4749158685383073,0.45105241009979097,65.57
5.24906063079834,0.37046121493668016,0.3792896225986327,0.3748754187676564,0.49364142442981523,0.4386124778605951,0,0.4749158685383073,0.45105241009979097,65.57
5.285736322402954,0.34567754934338163,0.35893797602533967,0.35230776268436065,0.5060796334597798,0.42027669796717193,0,0.46771296204534274,0.4530638168538208,66.31
5.352064371109009,0.32681218299604586,0.3428116808524504,0.33481193192424813,0.493339870960889,0.4161286492871207,0,0.4683025586176618,0.45052157647638297,70.36
5.377781867980957,0.32681218299604586,0.3428116808524504,0.33481193192424813,0.493339870960889,0.4161286492871207,0,0.4683025586176618,0.45052157647638297,70.36
5.416403770446777,0.32669316051200836,0.3358398615751778,0.33126651104359306,0.5008148756119808,0.4203238854572801,0,0.4973767719901614,0.46790993965102995,73.59
5.439726114273071,0.32669316051200836,0.3358398615751778,0.33126651104359306,0.5008148756119808,0.4203238854572801,0,0.4973767719901614,0.46790993965102995,73.59
5.479120254516602,0.33199702020241756,0.34079193154128556,0.33639447587185156,0.4940678363481611,0.4270171895468543,0,0.49994056586036717,0.4692692939863683,73.78
5.50276255607605,0.33199702020241756,0.34079193154128556,0.33639447587185156,0.4940678363481611,0.4270171895468543,0,0.49994056586036717,0.4692692939863683,73.78
5.530474662780762,0.33199702020241756,0.34079193154128556,0.33639447587185156,0.4940678363481611,0.4270171895468543,0,0.49994056586036717,0.4692692939863683,73.78
5.559422731399536,0.3314081298439636,0.3303069366844353,0.3308575332641994,0.4884512032846509,0.40358376328173295,0,0.4961594526310144,0.46519134775374377,82.73
5.583798885345459,0.3314081298439636,0.3303069366844353,0.3308575332641994,0.4884512032846509,0.40358376328173295,0,0.4961594526310144,0.46519134775374377,82.73
5.624219179153442,0.31638399852940025,0.32287174474429087,0.3196278716368456,0.44853807770898546,0.3977727896724044,0,0.5036989179135174,0.4726081534435213,98.76
5.650627851486206,0.31638399852940025,0.32287174474429087,0.3196278716368456,0.44853807770898546,0.3977727896724044,0,0.5036989179135174,0.4726081534435213,98.76
5.688495635986328,0.33758020386895654,0.3423348266012215,0.339957515235089,0.4397357276723728,0.4260767543229681,0,0.5050599928963083,0.4872852096357853,90.94
5.751664400100708,0.32209709305226975,0.3284485189333984,0.32527280599283404,0.45891664347179856,0.40433412119748674,0,0.506257353316075,0.47998600915025663,92.64
5.780306577682495,0.32209709305226975,0.3284485189333984,0.32527280599283404,0.45891664347179856,0.40433412119748674,0,0.506257353316075,0.47998600915025663,92.64
5.818102598190308,0.36753912008263045,0.37750687780768105,0.3725229989451557,0.42373298522001474,0.4508179352219809,0,0.5404763108661577,0.5074410886276971,74.34
5.84721827507019,0.36753912008263045,0.37750687780768105,0.3725229989451557,0.42373298522001474,0.4508179352219809,0,0.5404763108661577,0.5074410886276971,74.34
5.897335529327393,0.3431583380050825,0.3913129467815581,0.3672356423933203,0.47360423053168865,0.48782668284823505,0,0.46856254256341523,0.4512102048246383,56.01
5.924262523651123,0.3431583380050825,0.3913129467815581,0.3672356423933203,0.47360423053168865,0.48782668284823505,0,0.46856254256341523,0.4512102048246383,56.01
5.951180696487427,0.3431583380050825,0.3913129467815581,0.3672356423933203,0.47360423053168865,0.48782668284823505,0,0.46856254256341523,0.4512102048246383,56.01
5.977344036102295,0.32761125250359713,0.3575970506053677,0.34260415155448243,0.44751238501244145,0.41091736980750937,0,0.5367280094114896,0.5090279554175041,76.75
6.006202697753906,0.32761125250359713,0.3575970506053677,0.34260415155448243,0.44751238501244145,0.41091736980750937,0,0.5367280094114896,0.5090279554175041,76.75
6.03335976600647,0.32669693338192074,0.35196347923246213,0.33933020630719146,0.44870496623652306,0.39708189621155754,0,0.511934034731463,0.4881931780939336,92.48
6.0576794147491455,0.32669693338192074,0.35196347923246213,0.33933020630719146,0.44870496623652306,0.39708189621155754,0,0.511934034731463,0.4881931780939336,92.48
6.0857625007629395,0.33793244803985684,0.3711176046854648,0.3545250263626608,0.41720530237856,0.3954586349653665,0,0.5254002024340387,0.5017445315225145,80.7
6.151768684387207,0.36190414601594734,0.37919835095020077,0.3705512484830741,0.41665931649328636,0.3584317917351779,0,0.5447176113211587,0.5179834446871049,63.77
6.174458742141724,0.36190414601594734,0.37919835095020077,0.3705512484830741,0.41665931649328636,0.3584317917351779,0,0.5447176113211587,0.5179834446871049,63.77
6.2149505615234375,0.3389027378783308,0.3621337543291875,0.35051824610375915,0.45041422496559264,0.3792039221367097,0,0.5171530400629996,0.4965166661813701,87.24
6.240224599838257,0.3389027378783308,0.3621337543291875,0.35051824610375915,0.45041422496559264,0.3792039221367097,0,0.5171530400629996,0.4965166661813701,87.24
6.266032934188843,0.3389027378783308,0.3621337543291875,0.35051824610375915,0.45041422496559264,0.3792039221367097,0,0.5171530400629996,0.4965166661813701,87.24
6.298118829727173,0.32615977714150673,0.3534861028696849,0.3398229400055958,0.47910269055502275,0.3627818764427242,0,0.5018164883816959,0.4772090031421114,99.46
6.3262224197387695,0.32615977714150673,0.3534861028696849,0.3398229400055958,0.47910269055502275,0.3627818764427242,0,0.5018164883816959,0.4772090031421114,99.46
6.362839698791504,0.32967951700673415,0.36337935837572255,0.34652943769122835,0.4646569328323393,0.37346603157049596,0,0.5142415131521394,0.4883505988909963,91.57
6.3890910148620605,0.32967951700673415,0.36337935837572255,0.34652943769122835,0.4646569328323393,0.37346603157049596,0,0.5142415131521394,0.4883505988909963,91.57
6.422116279602051,0.32508074194018716,0.3472531786647894,0.33616696030248827,0.5087380567526237,0.3881446836898077,0,0.4818974817927224,0.4597149330578833,78.34
6.44734787940979,0.32508074194018716,0.3472531786647894,0.33616696030248827,0.5087380567526237,0.3881446836898077,0,0.4818974817927224,0.4597149330578833,78.34
6.483371257781982,0.30894010911522496,0.34432637471669086,0.3266332419159579,0.5337623503984473,0.41720964572472474,0,0.48145471085248703,0.4633253920103385,62.33
6.562138319015503,0.31920454601681336,0.3548812839588519,0.3370429149878326,0.5246243153518183,0.45596561176177425,0,0.4874186119518513,0.46815345097871086,53.51
6.586150884628296,0.31920454601681336,0.3548812839588519,0.3370429149878326,0.5246243153518183,0.45596561176177425,0,0.4874186119518513,0.46815345097871086,53.51
6.6229352951049805,0.0,0.0,0.0,0.5,0.5,0,0.5,0.5,0.0
6.639031410217285,0.0,0.0,0.0,0.5,0.5,0,0.5,0.5,0.0
6.6500115394592285,0.0,0.0,0.0,0.5,0.5,0,0.5,0.5,0.0
6.6834282875061035,0.0,0.0,0.0,0.5,0.5,0,0.5,0.5,0.0
6.694056987762451,0.0,0.0,0.0,0.5,0.5,0,0.5,0.5,0.0
6.7496795654296875,0.0,0.0,0.0,0.5,0.5,0,0.5,0.5,0.0
6.760717868804932,0.0,0.0,0.0,0.5,0.5,0,0.5,0.5,0.0
6.814497232437134,0.0,0.0,0.0,0.5,0.5,0,0.5,0.5,0.0
6.82646107673645,0.0,0.0,0.0,0.5,0.5,0,0.5,0.5,0.0
6.874675750732422,0.0,0.0,0.0,0.5,0.5,0,0.5,0.5,0.0
6.939945936203003,0.0,0.0,0.0,0.5,0.5,0,0.5,0.5,0.0
6.94969630241394,0.0,0.0,0.0,0.5,0.5,0,0.5,0.5,0.0
6.960691452026367,0.0,0.0,0.0,0.5,0.5,0,0.5,0.5,0.0
7.020709276199341,0.0,0.0,0.0,0.5,0.5,0,0.5,0.5,0.0
7.032790184020996,0.0,0.0,0.0,0.5,0.5,0,0.5,0.5,0.0
7.083617448806763,0.0,0.0,0.0,0.5,0.5,0,0.5,0.5,0.0
7.095135688781738,0.0,0.0,0.0,0.5,0.5,0,0.5,0.5,0.0
7.147082090377808,0.0,0.0,0.0,0.5,0.5,0,0.5,0.5,0.0
7.16007924079895,0.0,0.0,0.0,0.5,0.5,0,0.5,0.5,0.0
7.211137294769287,0.0,0.0,0.0,0.5,0.5,0,0.5,0.5,0.0
7.222134590148926,0.0,0.0,0.0,0.5,0.5,0,0.5,0.5,0.0
7.27615213394165,0.0,0.0,0.0,0.5,0.5,0,0.5,0.5,0.0
7.355117082595825,0.0,0.0,0.0,0.5,0.5,0,0.5,0.5,0.0
7.365114688873291,0.0,0.0,0.0,0.5,0.5,0,0.5,0.5,0.0
7.37912130355835,0.0,0.0,0.0,0.5,0.5,0,0.5,0.5,0.0
7.41966986656189,0.0,0.0,0.0,0.5,0.5,0,0.5,0.5,0.0
7.430638313293457,0.0,0.0,0.0,0.5,0.5,0,0.5,0.5,0.0
7.484807968139648,0.0,0.0,0.0,0.5,0.5,0,0.5,0.5,0.0
7.497338771820068,0.0,0.0,0.0,0.5,0.5,0,0.5,0.5,0.0
7.545882940292358,0.0,0.0,0.0,0.5,0.5,0,0.5,0.5,0.0
7.5572829246521,0.0,0.0,0.0,0.5,0.5,0,0.5,0.5,0.0
7.614642858505249,0.0,0.0,0.0,0.5,0.5,0,0.5,0.5,0.0
7.626857280731201,0.0,0.0,0.0,0.5,0.5,0,0.5,0.5,0.0
7.677475690841675,0.0,0.0,0.0,0.5,0.5,0,0.5,0.5,0.0
7.6885597705841064,0.0,0.0,0.0,0.5,0.5,0,0.5,0.5,0.0
7.769152402877808,0.26497212588713503,0.32373486220635933,0.29435349404674716,0.5345570212276222,0.4292435927625238,0,0.4279526974599448,0.41518326772615677,39.68
7.787151098251343,0.26497212588713503,0.32373486220635933,0.29435349404674716,0.5345570212276222,0.4292435927625238,0,0.4279526974599448,0.41518326772615677,39.68
7.819948673248291,0.0,0.0,0.0,0.5,0.5,0,0.5,0.5,0.0
7.82995080947876,0.0,0.0,0.0,0.5,0.5,0,0.5,0.5,0.0
7.896104097366333,0.32622704503024863,0.3274318554506968,0.3268294502404727,0.4701165766001499,0.3806063273774674,0,0.46424817725477086,0.4544540199633643,80.14
7.914069652557373,0.32622704503024863,0.3274318554506968,0.3268294502404727,0.4701165766001499,0.3806063273774674,0,0.46424817725477086,0.4544540199633643,80.14
7.9545464515686035,0.3263989941005986,0.3332307118736529,0.32981485298712576,0.49774415415034773,0.3951904640060981,0,0.4498231293713726,0.43670164160697283,65.31
7.9755964279174805,0.3263989941005986,0.3332307118736529,0.32981485298712576,0.49774415415034773,0.3951904640060981,0,0.4498231293713726,0.43670164160697283,65.31
8.021249055862427,0.3152070321207148,0.3273056685621018,0.3212563503414083,0.5273142727113269,0.4111771670986636,0,0.4543270153688438,0.4322437541105071,55.96
8.039326190948486,0.3152070321207148,0.3273056685621018,0.3212563503414083,0.5273142727113269,0.4111771670986636,0,0.4543270153688438,0.4322437541105071,55.96
8.098916292190552,0.34755306085079585,0.3637369673694937,0.35564501411014476,0.5159179704605416,0.4357157952533952,0,0.49428342636510875,0.4760381053903539,63.66
8.117931604385376,0.34755306085079585,0.3637369673694937,0.35564501411014476,0.5159179704605416,0.4357157952533952,0,0.49428342636510875,0.4760381053903539,63.66
8.163562059402466,0.3325759561780219,0.35295608321151967,0.3427660196947708,0.5258544215905111,0.4444061029672818,0,0.46911042451652296,0.4452666384299116,52.57
8.182480812072754,0.3325759561780219,0.35295608321151967,0.3427660196947708,0.5258544215905111,0.4444061029672818,0,0.46911042451652296,0.4452666384299116,52.57
8.26838207244873,0.314092714223766,0.3377538856813765,0.32592329995257124,0.546538989353979,0.4198031880951602,0,0.46336163899220434,0.4387795532939792,51.74
8.287353992462158,0.314092714223766,0.3377538856813765,0.32592329995257124,0.546538989353979,0.4198031880951602,0,0.46336163899220434,0.4387795532939792,51.74
8.304997205734253,0.3109861687712534,0.3356815281161692,0.32333384844371127,0.5260194762862457,0.4590721757374304,0,0.4570650951104655,0.4280680341066989,43.43
8.323925256729126,0.3109861687712534,0.3356815281161692,0.32333384844371127,0.5260194762862457,0.4590721757374304,0,0.4570650951104655,0.4280680341066989,43.43
8.422173500061035,0.3292135644294446,0.3503910803043654,0.339802322366905,0.49064478268503886,0.4326033506428276,0,0.5036717881636308,0.48078127759196365,73.12
8.440145492553711,0.3292135644294446,0.3503910803043654,0.339802322366905,0.49064478268503886,0.4326033506428276,0,0.5036717881636308,0.48078127759196365,73.12
8.45821499824524,0.3292135644294446,0.3503910803043654,0.339802322366905,0.49064478268503886,0.4326033506428276,0,0.5036717881636308,0.48078127759196365,73.12
8.476191520690918,0.3292135644294446,0.3503910803043654,0.339802322366905,0.49064478268503886,0.4326033506428276,0,0.5036717881636308,0.48078127759196365,73.12
8.567367792129517,0.3555637887684507,0.3722548214089763,0.3639093050887135,0.480237934539996,0.45747088923457985,0,0.5188228302602731,0.48700453079799344,67.04
8.58545470237732,0.3555637887684507,0.3722548214089763,0.3639093050887135,0.480237934539996,0.45747088923457985,0,0.5188228302602731,0.48700453079799344,67.04
8.603996515274048,0.3555637887684507,0.3722548214089763,0.3639093050887135,0.480237934539996,0.45747088923457985,0,0.5188228302602731,0.48700453079799344,67.04
8.621965169906616,0.3555637887684507,0.3722548214089763,0.3639093050887135,0.480237934539996,0.45747088923457985,0,0.5188228302602731,0.48700453079799344,67.04
8.692779064178467,0.3569986872757089,0.38548750751427097,0.37124309739498995,0.4360707608226665,0.3934870162867401,0,0.5044991337071744,0.4748071476970655,95.53
8.710465431213379,0.3569986872757089,0.38548750751427097,0.37124309739498995,0.4360707608226665,0.3934870162867401,0,0.5044991337071744,0.4748071476970655,95.53
8.7284517288208,0.3569986872757089,0.38548750751427097,0.37124309739498995,0.4360707608226665,0.3934870162867401,0,0.5044991337071744,0.4748071476970655,95.53
8.746451377868652,0.3569986872757089,0.38548750751427097,0.37124309739498995,0.4360707608226665,0.3934870162867401,0,0.5044991337071744,0.4748071476970655,95.53
8.824112892150879,0.3586504526695349,0.3880294038543294,0.37333992826193213,0.4543698996518861,0.39599196280105564,0,0.49927983653504376,0.4770606345644274,97.46
8.843118667602539,0.3586504526695349,0.3880294038543294,0.37333992826193213,0.4543698996518861,0.39599196280105564,0,0.49927983653504376,0.4770606345644274,97.46
8.86111855506897,0.3586504526695349,0.3880294038543294,0.37333992826193213,0.4543698996518861,0.39599196280105564,0,0.49927983653504376,0.4770606345644274,97.46
8.88020658493042,0.3586504526695349,0.3880294038543294,0.37333992826193213,0.4543698996518861,0.39599196280105564,0,0.49927983653504376,0.4770606345644274,97.46
8.966552972793579,0.3286619748813558,0.3499896379727003,0.33932580642702803,0.46961976178344567,0.4269203815868723,0,0.49251143398497976,0.47216159190101153,81.59
8.984584331512451,0.3286619748813558,0.3499896379727003,0.33932580642702803,0.46961976178344567,0.4269203815868723,0,0.49251143398497976,0.47216159190101153,81.59
9.00410795211792,0.3286619748813558,0.3499896379727003,0.33932580642702803,0.46961976178344567,0.4269203815868723,0,0.49251143398497976,0.47216159190101153,81.59
9.023311614990234,0.3286619748813558,0.3499896379727003,0.33932580642702803,0.46961976178344567,0.4269203815868723,0,0.49251143398497976,0.47216159190101153,81.59
9.091468811035156,0.3350645478014986,0.35403416290866374,0.34454935535508113,0.468530132699205,0.4045529932864577,0,0.48623163023229893,0.46186142658386875,85.89
9.110273122787476,0.3350645478014986,0.35403416290866374,0.34454935535508113,0.468530132699205,0.4045529932864577,0,0.48623163023229893,0.46186142658386875,85.89
9.128791809082031,0.3350645478014986,0.35403416290866374,0.34454935535508113,0.468530132699205,0.4045529932864577,0,0.48623163023229893,0.46186142658386875,85.89
9.14765477180481,0.3350645478014986,0.35403416290866374,0.34454935535508113,0.468530132699205,0.4045529932864577,0,0.48623163023229893,0.46186142658386875,85.89
9.217412233352661,0.0,0.0,0.0,0.5,0.5,0,0.5,0.5,0.0
9.23349642753601,0.0,0.0,0.0,0.5,0.5,0,0.5,0.5,0.0
9.251458406448364,0.0,0.0,0.0,0.5,0.5,0,0.5,0.5,0.0
9.26868486404419,0.0,0.0,0.0,0.5,0.5,0,0.5,0.5,0.0
9.368662357330322,0.3767108859075059,0.4386762268454938,0.40769355637649984,0.4205955945018684,0.4635472572676641,0,0.4857081418208498,0.46166235314196047,82.92
9.38749361038208,0.3767108859075059,0.4386762268454938,0.40769355637649984,0.4205955945018684,0.4635472572676641,0,0.4857081418208498,0.46166235314196047,82.92
9.405935764312744,0.3767108859075059,0.4386762268454938,0.40769355637649984,0.4205955945018684,0.4635472572676641,0,0.4857081418208498,0.46166235314196047,82.92
9.424010992050171,0.3767108859075059,0.4386762268454938,0.40769355637649984,0.4205955945018684,0.4635472572676641,0,0.4857081418208498,0.46166235314196047,82.92
9.491755247116089,0.3528465069226701,0.3909143769313678,0.37188044192701897,0.504453310908733,0.45431083858360566,0,0.477416634696831,0.4560977965807544,58.65
9.509870767593384,0.3528465069226701,0.3909143769313678,0.37188044192701897,0.504453310908733,0.45431083858360566,0,0.477416634696831,0.4560977965807544,58.65
9.528834104537964,0.3528465069226701,0.3909143769313678,0.37188044192701897,0.504453310908733,0.45431083858360566,0,0.477416634696831,0.4560977965807544,58.65
9.546796083450317,0.3528465069226701,0.3909143769313678,0.37188044192701897,0.504453310908733,0.45431083858360566,0,0.477416634696831,0.4560977965807544,58.65
9.627763271331787,0.33065101229305915,0.3313658815326345,0.3310084469128468,0.4578962317432732,0.5260857498931998,0,0.45200729122051103,0.41042598860030505,39.26
9.646146297454834,0.33065101229305915,0.3313658815326345,0.3310084469128468,0.4578962317432732,0.5260857498931998,0,0.45200729122051103,0.41042598860030505,39.26
9.66404414176941,0.33065101229305915,0.3313658815326345,0.3310084469128468,0.4578962317432732,0.5260857498931998,0,0.45200729122051103,0.41042598860030505,39.26
9.68235445022583,0.33065101229305915,0.3313658815326345,0.3310084469128468,0.4578962317432732,0.5260857498931998,0,0.45200729122051103,0.41042598860030505,39.26
9.765469074249268,0.26774141187408634,0.27892047915383694,0.27333094551396164,0.5456799323645225,0.45693287890324424,0,0.4702697470426466,0.44761221961444536,43.14
9.784653425216675,0.26774141187408634,0.27892047915383694,0.27333094551396164,0.5456799323645225,0.45693287890324424,0,0.4702697470426466,0.44761221961444536,43.14
9.80262279510498,0.26774141187408634,0.27892047915383694,0.27333094551396164,0.5456799323645225,0.45693287890324424,0,0.4702697470426466,0.44761221961444536,43.14
9.821617603302002,0.26774141187408634,0.27892047915383694,0.27333094551396164,0.5456799323645225,0.45693287890324424,0,0.4702697470426466,0.44761221961444536,43.14
9.890259504318237,0.33165359442768005,0.3450126104149335,0.33833310242130676,0.4828604054703147,0.44362249255862424,0,0.5274657235334764,0.5018278704344429,67.26
9.907898664474487,0.33165359442768005,0.3450126104149335,0.33833310242130676,0.4828604054703147,0.44362249255862424,0,0.5274657235334764,0.5018278704344429,67.26
9.925968408584595,0.33165359442768005,0.3450126104149335,0.33833310242130676,0.4828604054703147,0.44362249255862424,0,0.5274657235334764,0.5018278704344429,67.26
9.944900274276733,0.33165359442768005,0.3450126104149335,0.33833310242130676,0.4828604054703147,0.44362249255862424,0,0.5274657235334764,0.5018278704344429,67.26
10.039583921432495,0.3508901937840042,0.37471837685234033,0.36280428531817227,0.4700856034737228,0.4075529674427169,0,0.4886062671975191,0.46786537449372473,86.41
10.057553768157959,0.3508901937840042,0.37471837685234033,0.36280428531817227,0.4700856034737228,0.4075529674427169,0,0.4886062671975191,0.46786537449372473,86.41
10.07580018043518,0.3508901937840042,0.37471837685234033,0.36280428531817227,0.4700856034737228,0.4075529674427169,0,0.4886062671975191,0.46786537449372473,86.41
10.093828678131104,0.3508901937840042,0.37471837685234033,0.36280428531817227,0.4700856034737228,0.4075529674427169,0,0.4886062671975191,0.46786537449372473,86.41
10.164737462997437,0.3339586131506558,0.35406185962308395,0.3440102363868699,0.46315694598419094,0.3914131227406017,0,0.49544264341952204,0.470252512445142,94.4
10.182814836502075,0.3339586131506558,0.35406185962308395,0.3440102363868699,0.46315694598419094,0.3914131227406017,0,0.49544264341952204,0.470252512445142,94.4
10.201175928115845,0.3339586131506558,0.35406185962308395,0.3440102363868699,0.46315694598419094,0.3914131227406017,0,0.49544264341952204,0.470252512445142,94.4
10.219794034957886,0.3339586131506558,0.35406185962308395,0.3440102363868699,0.46315694598419094,0.3914131227406017,0,0.49544264341952204,0.470252512445142,94.4
10.29257607460022,0.266338798997663,0.28358276642661556,0.2749607827121393,0.45722477543916445,0.38601076034807796,0,0.4604865138099268,0.4368028766630708,73.18
10.312031269073486,0.266338798997663,0.28358276642661556,0.2749607827121393,0.45722477543916445,0.38601076034807796,0,0.4604865138099268,0.4368028766630708,73.18
10.331108331680298,0.266338798997663,0.28358276642661556,0.2749607827121393,0.45722477543916445,0.38601076034807796,0,0.4604865138099268,0.4368028766630708,73.18
10.349121332168579,0.266338798997663,0.28358276642661556,0.2749607827121393,0.45722477543916445,0.38601076034807796,0,0.4604865138099268,0.4368028766630708,73.18
10.440831422805786,0.25570989582864423,0.2758321834001504,0.2657710396143973,0.45222673230273197,0.3469446826593093,0,0.45268155073067934,0.4163710200287103,60.95
10.45877742767334,0.25570989582864423,0.2758321834001504,0.2657710396143973,0.45222673230273197,0.3469446826593093,0,0.45268155073067934,0.4163710200287103,60.95
10.477821350097656,0.25570989582864423,0.2758321834001504,0.2657710396143973,0.45222673230273197,0.3469446826593093,0,0.45268155073067934,0.4163710200287103,60.95
10.495959281921387,0.25570989582864423,0.2758321834001504,0.2657710396143973,0.45222673230273197,0.3469446826593093,0,0.45268155073067934,0.4163710200287103,60.95
10.565077066421509,0.3126426071297927,0.3359136955327642,0.32427815133127846,0.45115868416688176,0.3957538980424152,0,0.4884446387037061,0.46141515627615437,90.6
10.583295583724976,0.3126426071297927,0.3359136955327642,0.32427815133127846,0.45115868416688176,0.3957538980424152,0,0.4884446387037061,0.46141515627615437,90.6
10.601274490356445,0.3126426071297927,0.3359136955327642,0.32427815133127846,0.45115868416688176,0.3957538980424152,0,0.4884446387037061,0.46141515627615437,90.6
10.619660377502441,0.3126426071297927,0.3359136955327642,0.32427815133127846,0.45115868416688176,0.3957538980424152,0,0.4884446387037061,0.46141515627615437,90.6
10.69735836982727,0.33651698746538855,0.36139173417230935,0.34895436081884895,0.42280629194295094,0.38460561350841366,0,0.510858090719315,0.48162199253455196,87.2
10.715174913406372,0.33651698746538855,0.36139173417230935,0.34895436081884895,0.42280629194295094,0.38460561350841366,0,0.510858090719315,0.48162199253455196,87.2
10.733463287353516,0.33651698746538855,0.36139173417230935,0.34895436081884895,0.42280629194295094,0.38460561350841366,0,0.510858090719315,0.48162199253455196,87.2
10.7533860206604,0.33651698746538855,0.36139173417230935,0.34895436081884895,0.42280629194295094,0.38460561350841366,0,0.510858090719315,0.48162199253455196,87.2
10.837650775909424,0.345510824713768,0.3728181388115744,0.3591644817626712,0.44905759528070466,0.38460807270870917,0,0.5197113055765321,0.48859287644891136,89.36
10.855578184127808,0.345510824713768,0.3728181388115744,0.3591644817626712,0.44905759528070466,0.38460807270870917,0,0.5197113055765321,0.48859287644891136,89.36
10.87365174293518,0.345510824713768,0.3728181388115744,0.3591644817626712,0.44905759528070466,0.38460807270870917,0,0.5197113055765321,0.48859287644891136,89.36
10.891578912734985,0.345510824713768,0.3728181388115744,0.3591644817626712,0.44905759528070466,0.38460807270870917,0,0.5197113055765321,0.48859287644891136,89.36
10.96651816368103,0.31102210016928944,0.33866899174299103,0.32484554595614024,0.5469296704640045,0.43993842621832757,0,0.4494744484906853,0.43014946544135585,41.92
10.984519958496094,0.31102210016928944,0.33866899174299103,0.32484554595614024,0.5469296704640045,0.43993842621832757,0,0.4494744484906853,0.43014946544135585,41.92
11.002553939819336,0.31102210016928944,0.33866899174299103,0.32484554595614024,0.5469296704640045,0.43993842621832757,0,0.4494744484906853,0.43014946544135585,41.92
11.021165132522583,0.31102210016928944,0.33866899174299103,0.32484554595614024,0.5469296704640045,0.43993842621832757,0,0.4494744484906853,0.43014946544135585,41.92
11.093171119689941,0.30170894374612706,0.3281775142451982,0.3149432289956626,0.5540657969977939,0.42817032943731803,0,0.4458254088237241,0.4383783393602679,44.05
11.116758108139038,0.30170894374612706,0.3281775142451982,0.3149432289956626,0.5540657969977939,0.42817032943731803,0,0.4458254088237241,0.4383783393602679,44.05
11.139342308044434,0.30170894374612706,0.3281775142451982,0.3149432289956626,0.5540657969977939,0.42817032943731803,0,0.4458254088237241,0.4383783393602679,44.05
11.162615060806274,0.30170894374612706,0.3281775142451982,0.3149432289956626,0.5540657969977939,0.42817032943731803,0,0.4458254088237241,0.4383783393602679,44.05
11.242074012756348,0.30526100391177513,0.3264755175743211,0.3158682607430481,0.539483886122619,0.43334585210188586,0,0.43273796706597006,0.42672130019947135,41.42
11.267954111099243,0.30526100391177513,0.3264755175743211,0.3158682607430481,0.539483886122619,0.43334585210188586,0,0.43273796706597006,0.42672130019947135,41.42
11.295835971832275,0.30526100391177513,0.3264755175743211,0.3158682607430481,0.539483886122619,0.43334585210188586,0,0.43273796706597006,0.42672130019947135,41.42
11.32335615158081,0.30526100391177513,0.3264755175743211,0.3158682607430481,0.539483886122619,0.43334585210188586,0,0.43273796706597006,0.42672130019947135,41.42
11.368206262588501,0.3218840116308543,0.34149293225123284,0.33168847194104356,0.5209111100202639,0.4194105762051262,0,0.44143583410041476,0.4321193975036207,52.45
11.392762184143066,0.3218840116308543,0.34149293225123284,0.33168847194104356,0.5209111100202639,0.4194105762051262,0,0.44143583410041476,0.4321193975036207,52.45
11.412514686584473,0.3218840116308543,0.34149293225123284,0.33168847194104356,0.5209111100202639,0.4194105762051262,0,0.44143583410041476,0.4321193975036207,52.45
11.437678575515747,0.3218840116308543,0.34149293225123284,0.33168847194104356,0.5209111100202639,0.4194105762051262,0,0.44143583410041476,0.4321193975036207,52.45
11.490804433822632,0.3180168800967131,0.33788405421144374,0.3279504671540784,0.5384831697404472,0.43482707902977397,0,0.4315486975236091,0.42199203065875646,39.96
11.511041164398193,0.3180168800967131,0.33788405421144374,0.3279504671540784,0.5384831697404472,0.43482707902977397,0,0.4315486975236091,0.42199203065875646,39.96
11.531041622161865,0.3180168800967131,0.33788405421144374,0.3279504671540784,0.5384831697404472,0.43482707902977397,0,0.4315486975236091,0.42199203065875646,39.96
11.553038120269775,0.3180168800967131,0.33788405421144374,0.3279504671540784,0.5384831697404472,0.43482707902977397,0,0.4315486975236091,0.42199203065875646,39.96
11.652563571929932,0.3099297917661748,0.3243208660865619,0.31712532892636836,0.5242714713203009,0.41385624687243966,0,0.4222081415876077,0.40556609359883244,40.78
11.670543432235718,0.3099297917661748,0.3243208660865619,0.31712532892636836,0.5242714713203009,0.41385624687243966,0,0.4222081415876077,0.40556609359883244,40.78
11.689473390579224,0.3099297917661748,0.3243208660865619,0.31712532892636836,0.5242714713203009,0.41385624687243966,0,0.4222081415876077,0.40556609359883244,40.78
11.707220315933228,0.3099297917661748,0.3243208660865619,0.31712532892636836,0.5242714713203009,0.41385624687243966,0,0.4222081415876077,0.40556609359883244,40.78
11.769335985183716,0.31698941286596577,0.3340627148720088,0.3255260638689873,0.5383804646586391,0.4254506755242096,0,0.43787024380421286,0.42027486283394766,43.3
11.787335872650146,0.31698941286596577,0.3340627148720088,0.3255260638689873,0.5383804646586391,0.4254506755242096,0,0.43787024380421286,0.42027486283394766,43.3
11.805392980575562,0.31698941286596577,0.3340627148720088,0.3255260638689873,0.5383804646586391,0.4254506755242096,0,0.43787024380421286,0.42027486283394766,43.3
11.823182821273804,0.31698941286596577,0.3340627148720088,0.3255260638689873,0.5383804646586391,0.4254506755242096,0,0.43787024380421286,0.42027486283394766,43.3
11.893134355545044,0.312298787066737,0.32985764054408495,0.321078213805411,0.5352523001781372,0.4228311544657506,0,0.4521783324731732,0.4339329275965924,50.93
11.912699937820435,0.312298787066737,0.32985764054408495,0.321078213805411,0.5352523001781372,0.4228311544657506,0,0.4521783324731732,0.4339329275965924,50.93
11.930642366409302,0.312298787066737,0.32985764054408495,0.321078213805411,0.5352523001781372,0.4228311544657506,0,0.4521783324731732,0.4339329275965924,50.93
11.94873309135437,0.312298787066737,0.32985764054408495,0.321078213805411,0.5352523001781372,0.4228311544657506,0,0.4521783324731732,0.4339329275965924,50.93
12.040469408035278,0.3061980217471589,0.32799978707208793,0.3170989044096234,0.5464857456757396,0.425399981788019,0,0.4355738008263912,0.4184489979060724,40.42
12.058698415756226,0.3061980217471589,0.32799978707208793,0.3170989044096234,0.5464857456757396,0.425399981788019,0,0.4355738008263912,0.4184489979060724,40.42
12.076627254486084,0.3061980217471589,0.32799978707208793,0.3170989044096234,0.5464857456757396,0.425399981788019,0,0.4355738008263912,0.4184489979060724,40.42
12.094595432281494,0.3061980217471589,0.32799978707208793,0.3170989044096234,0.5464857456757396,0.425399981788019,0,0.4355738008263912,0.4184489979060724,40.42
12.162980079650879,0.3116314688785371,0.33097448115977934,0.3213029750191582,0.5382055732754569,0.42153656778516885,0,0.4506636764331995,0.42912055879238264,49.17
12.181059122085571,0.3116314688785371,0.33097448115977934,0.3213029750191582,0.5382055732754569,0.42153656778516885,0,0.4506636764331995,0.42912055879238264,49.17
12.219340801239014,0.3116314688785371,0.33097448115977934,0.3213029750191582,0.5382055732754569,0.42153656778516885,0,0.4506636764331995,0.42912055879238264,49.17
12.237911462783813,0.3116314688785371,0.33097448115977934,0.3213029750191582,0.5382055732754569,0.42153656778516885,0,0.4506636764331995,0.42912055879238264,49.17
12.292922019958496,0.3074351498103948,0.32268467923140093,0.3150599145208979,0.5479136455422584,0.4202878878385634,0,0.4386379514595547,0.4199133723756041,42.35
12.312705039978027,0.3074351498103948,0.32268467923140093,0.3150599145208979,0.5479136455422584,0.4202878878385634,0,0.4386379514595547,0.4199133723756041,42.35
12.330620765686035,0.3074351498103948,0.32268467923140093,0.3150599145208979,0.5479136455422584,0.4202878878385634,0,0.4386379514595547,0.4199133723756041,42.35
12.348700523376465,0.3074351498103948,0.32268467923140093,0.3150599145208979,0.5479136455422584,0.4202878878385634,0,0.4386379514595547,0.4199133723756041,42.35
12.438542127609253,0.31190626932970217,0.3227018520372169,0.3173040606834595,0.5366060729297285,0.4228776324852867,0,0.4633974316875698,0.4428066402234685,54.4
12.456459522247314,0.31190626932970217,0.3227018520372169,0.3173040606834595,0.5366060729297285,0.4228776324852867,0,0.4633974316875698,0.4428066402234685,54.4
12.474533796310425,0.31190626932970217,0.3227018520372169,0.3173040606834595,0.5366060729297285,0.4228776324852867,0,0.4633974316875698,0.4428066402234685,54.4
12.492918968200684,0.31190626932970217,0.3227018520372169,0.3173040606834595,0.5366060729297285,0.4228776324852867,0,0.4633974316875698,0.4428066402234685,54.4
12.564951419830322,0.3160198223002945,0.3310562181438342,0.32353802022206435,0.513548486964598,0.3917335952590337,0,0.4787721800650425,0.4559011024203008,74.72
12.58315372467041,0.3160198223002945,0.3310562181438342,0.32353802022206435,0.513548486964598,0.3917335952590337,0,0.4787721800650425,0.4559011024203008,74.72
12.60323691368103,0.3160198223002945,0.3310562181438342,0.32353802022206435,0.513548486964598,0.3917335952590337,0,0.4787721800650425,0.4559011024203008,74.72
12.620823621749878,0.3160198223002945,0.3310562181438342,0.32353802022206435,0.513548486964598,0.3917335952590337,0,0.4787721800650425,0.4559011024203008,74.72
12.691648006439209,0.33017328845491384,0.33453152334389047,0.3323524058994022,0.4580002131037868,0.3882647278112481,0,0.48139129670522834,0.45502781410815835,86.17
12.709733247756958,0.33017328845491384,0.33453152334389047,0.3323524058994022,0.4580002131037868,0.3882647278112481,0,0.48139129670522834,0.45502781410815835,86.17
12.727963924407959,0.33017328845491384,0.33453152334389047,0.3323524058994022,0.4580002131037868,0.3882647278112481,0,0.48139129670522834,0.45502781410815835,86.17
12.747067213058472,0.33017328845491384,0.33453152334389047,0.3323524058994022,0.4580002131037868,0.3882647278112481,0,0.48139129670522834,0.45502781410815835,86.17
12.844220399856567,0.31677368777786,0.3248726001350824,0.3208231439564712,0.4601406146014147,0.3959862034004624,0,0.4752089677613154,0.454417215220096,83.36
12.862221956253052,0.31677368777786,0.3248726001350824,0.3208231439564712,0.4601406146014147,0.3959862034004624,0,0.4752089677613154,0.454417215220096,83.36
12.881250858306885,0.31677368777786,0.3248726001350824,0.3208231439564712,0.4601406146014147,0.3959862034004624,0,0.4752089677613154,0.454417215220096,83.36
12.899260520935059,0.31677368777786,0.3248726001350824,0.3208231439564712,0.4601406146014147,0.3959862034004624,0,0.4752089677613154,0.454417215220096,83.36
12.965156078338623,0.32288712247487134,0.32993551050462827,0.3264113164897498,0.47314569226716413,0.39788444938888995,0,0.48462161479448085,0.46483579410948633,86.7
12.984132766723633,0.32288712247487134,0.32993551050462827,0.3264113164897498,0.47314569226716413,0.39788444938888995,0,0.48462161479448085,0.46483579410948633,86.7
13.002196788787842,0.32288712247487134,0.32993551050462827,0.3264113164897498,0.47314569226716413,0.39788444938888995,0,0.48462161479448085,0.46483579410948633,86.7
13.020727157592773,0.32288712247487134,0.32993551050462827,0.3264113164897498,0.47314569226716413,0.39788444938888995,0,0.48462161479448085,0.46483579410948633,86.7
13.092581272125244,0.30392324651180047,0.316827211528774,0.31037522902028725,0.45571422923764754,0.355104279952491,0,0.4746999158718364,0.43784415556781586,75.78
13.111923456192017,0.30392324651180047,0.316827211528774,0.31037522902028725,0.45571422923764754,0.355104279952491,0,0.4746999158718364,0.43784415556781586,75.78
13.12900185585022,0.30392324651180047,0.316827211528774,0.31037522902028725,0.45571422923764754,0.355104279952491,0,0.4746999158718364,0.43784415556781586,75.78
13.147636890411377,0.30392324651180047,0.316827211528774,0.31037522902028725,0.45571422923764754,0.355104279952491,0,0.4746999158718364,0.43784415556781586,75.78
13.23921513557434,0.3150271819214761,0.3261732715627679,0.32060022674212196,0.4476930049435919,0.36866904103590203,0,0.4779129412390507,0.4448676251543347,79.65
13.25744342803955,0.3150271819214761,0.3261732715627679,0.32060022674212196,0.4476930049435919,0.36866904103590203,0,0.4779129412390507,0.4448676251543347,79.65
13.276446342468262,0.3150271819214761,0.3261732715627679,0.32060022674212196,0.4476930049435919,0.36866904103590203,0,0.4779129412390507,0.4448676251543347,79.65
13.295478105545044,0.3150271819214761,0.3261732715627679,0.32060022674212196,0.4476930049435919,0.36866904103590203,0,0.4779129412390507,0.4448676251543347,79.65
13.366961002349854,0.3336040277185229,0.3348738938148926,0.3342389607667077,0.4563547916697648,0.37737486864600417,0,0.49230842901452904,0.46111775260918736,91.33
13.385062217712402,0.3336040277185229,0.3348738938148926,0.3342389607667077,0.4563547916697648,0.37737486864600417,0,0.49230842901452904,0.46111775260918736,91.33
13.402982950210571,0.3336040277185229,0.3348738938148926,0.3342389607667077,0.4563547916697648,0.37737486864600417,0,0.49230842901452904,0.46111775260918736,91.33
13.421478748321533,0.3336040277185229,0.3348738938148926,0.3342389607667077,0.4563547916697648,0.37737486864600417,0,0.49230842901452904,0.46111775260918736,91.33
13.493732213973999,0.329543410668185,0.3359942611899382,0.3327688359290616,0.4550254532124306,0.37087607516839566,0,0.48832976758031005,0.45801110764706043,88.1
13.514516830444336,0.329543410668185,0.3359942611899382,0.3327688359290616,0.4550254532124306,0.37087607516839566,0,0.48832976758031005,0.45801110764706043,88.1
13.534943103790283,0.329543410668185,0.3359942611899382,0.3327688359290616,0.4550254532124306,0.37087607516839566,0,0.48832976758031005,0.45801110764706043,88.1
13.555162191390991,0.329543410668185,0.3359942611899382,0.3327688359290616,0.4550254532124306,0.37087607516839566,0,0.48832976758031005,0.45801110764706043,88.1
13.640705823898315,0.31609565700524705,0.3292148600699322,0.32265525853758964,0.455371279375151,0.39265306421225904,0,0.4867223957211573,0.466028092101247,91.49
13.659039974212646,0.31609565700524705,0.3292148600699322,0.32265525853758964,0.455371279375151,0.39265306421225904,0,0.4867223957211573,0.466028092101247,91.49
13.677584886550903,0.31609565700524705,0.3292148600699322,0.32265525853758964,0.455371279375151,0.39265306421225904,0,0.4867223957211573,0.466028092101247,91.49
13.696690797805786,0.31609565700524705,0.3292148600699322,0.32265525853758964,0.455371279375151,0.39265306421225904,0,0.4867223957211573,0.466028092101247,91.49
13.764481782913208,0.3194195443868806,0.3306502590208866,0.3250349017038836,0.45590429292155976,0.4024897424380299,0,0.486787826480151,0.4654846743859718,90.06
13.783525943756104,0.3194195443868806,0.3306502590208866,0.3250349017038836,0.45590429292155976,0.4024897424380299,0,0.486787826480151,0.4654846743859718,90.06
13.801857471466064,0.3194195443868806,0.3306502590208866,0.3250349017038836,0.45590429292155976,0.4024897424380299,0,0.486787826480151,0.4654846743859718,90.06
13.819586992263794,0.3194195443868806,0.3306502590208866,0.3250349017038836,0.45590429292155976,0.4024897424380299,0,0.486787826480151,0.4654846743859718,90.06
13.914278507232666,0.32467809863624847,0.3396864391887127,0.3321822689124806,0.4497063059721541,0.38211600579973015,0,0.481088985599296,0.45831940677424365,86.7
13.93227767944336,0.32467809863624847,0.3396864391887127,0.3321822689124806,0.4497063059721541,0.38211600579973015,0,0.481088985599296,0.45831940677424365,86.7
13.950353860855103,0.32467809863624847,0.3396864391887127,0.3321822689124806,0.4497063059721541,0.38211600579973015,0,0.481088985599296,0.45831940677424365,86.7
13.969354152679443,0.32467809863624847,0.3396864391887127,0.3321822689124806,0.4497063059721541,0.38211600579973015,0,0.481088985599296,0.45831940677424365,86.7
14.036312103271484,0.3028834747765518,0.31482332982285305,0.30885340229970243,0.4515175764803105,0.36529510671850507,0,0.4761155793635854,0.4484105229239687,80.24
14.054526090621948,0.3028834747765518,0.31482332982285305,0.30885340229970243,0.4515175764803105,0.36529510671850507,0,0.4761155793635854,0.4484105229239687,80.24
14.073618412017822,0.3028834747765518,0.31482332982285305,0.30885340229970243,0.4515175764803105,0.36529510671850507,0,0.4761155793635854,0.4484105229239687,80.24
14.09161376953125,0.3028834747765518,0.31482332982285305,0.30885340229970243,0.4515175764803105,0.36529510671850507,0,0.4761155793635854,0.4484105229239687,80.24
14.166543006896973,0.2994877601470559,0.3259990599322576,0.3127434100396568,0.4533115358521797,0.3835052472273391,0,0.46998870175642604,0.441064622079955,77.67
14.185900688171387,0.2994877601470559,0.3259990599322576,0.3127434100396568,0.4533115358521797,0.3835052472273391,0,0.46998870175642604,0.441064622079955,77.67
14.20398736000061,0.2994877601470559,0.3259990599322576,0.3127434100396568,0.4533115358521797,0.3835052472273391,0,0.46998870175642604,0.441064622079955,77.67
14.221424102783203,0.2994877601470559,0.3259990599322576,0.3127434100396568,0.4533115358521797,0.3835052472273391,0,0.46998870175642604,0.441064622079955,77.67
14.308462619781494,0.2902407538398381,0.3029208897808249,0.2965808218103315,0.4601584219801762,0.37977713748004516,0,0.4732659070541544,0.4437594969871627,79.73
14.3271963596344,0.2902407538398381,0.3029208897808249,0.2965808218103315,0.4601584219801762,0.37977713748004516,0,0.4732659070541544,0.4437594969871627,79.73
14.345406770706177,0.2902407538398381,0.3029208897808249,0.2965808218103315,0.4601584219801762,0.37977713748004516,0,0.4732659070541544,0.4437594969871627,79.73
14.364485740661621,0.2902407538398381,0.3029208897808249,0.2965808218103315,0.4601584219801762,0.37977713748004516,0,0.4732659070541544,0.4437594969871627,79.73
14.443335771560669,0.31358442706882905,0.3185976832671683,0.3160910551679987,0.4518722775600018,0.38844632250692596,0,0.48735246063366106,0.4586521312590367,89.38
14.462372303009033,0.31358442706882905,0.3185976832671683,0.3160910551679987,0.4518722775600018,0.38844632250692596,0,0.48735246063366106,0.4586521312590367,89.38
14.480422496795654,0.31358442706882905,0.3185976832671683,0.3160910551679987,0.4518722775600018,0.38844632250692596,0,0.48735246063366106,0.4586521312590367,89.38
14.49874210357666,0.31358442706882905,0.3185976832671683,0.3160910551679987,0.4518722775600018,0.38844632250692596,0,0.48735246063366106,0.4586521312590367,89.38
14.563536167144775,0.31644376480340314,0.32604643889103047,0.3212451018472168,0.45217014463618255,0.3728224594251797,0,0.4781871655846311,0.45146727284196064,82.89
14.581544876098633,0.31644376480340314,0.32604643889103047,0.3212451018472168,0.45217014463618255,0.3728224594251797,0,0.4781871655846311,0.45146727284196064,82.89
14.599780559539795,0.31644376480340314,0.32604643889103047,0.3212451018472168,0.45217014463618255,0.3728224594251797,0,0.4781871655846311,0.45146727284196064,82.89
14.618475198745728,0.31644376480340314,0.32604643889103047,0.3212451018472168,0.45217014463618255,0.3728224594251797,0,0.4781871655846311,0.45146727284196064,82.89
14.71211290359497,0.32577061280278,0.3334462170146483,0.3296084149087142,0.4689336316442185,0.3962351744483661,0,0.47840341731325564,0.44851298825268715,81.5
14.729731321334839,0.32577061280278,0.3334462170146483,0.3296084149087142,0.4689336316442185,0.3962351744483661,0,0.47840341731325564,0.44851298825268715,81.5
14.747695207595825,0.32577061280278,0.3334462170146483,0.3296084149087142,0.4689336316442185,0.3962351744483661,0,0.47840341731325564,0.44851298825268715,81.5
14.765781879425049,0.32577061280278,0.3334462170146483,0.3296084149087142,0.4689336316442185,0.3962351744483661,0,0.47840341731325564,0.44851298825268715,81.5
14.836955785751343,0.3250612451171058,0.33685891048229544,0.3309600777997006,0.4518575069405351,0.36980104544435105,0,0.46754883315060525,0.4369039233713729,74.56
14.854979515075684,0.3250612451171058,0.33685891048229544,0.3309600777997006,0.4518575069405351,0.36980104544435105,0,0.46754883315060525,0.4369039233713729,74.56
14.87299132347107,0.3250612451171058,0.33685891048229544,0.3309600777997006,0.4518575069405351,0.36980104544435105,0,0.46754883315060525,0.4369039233713729,74.56
14.890957355499268,0.3250612451171058,0.33685891048229544,0.3309600777997006,0.4518575069405351,0.36980104544435105,0,0.46754883315060525,0.4369039233713729,74.56
14.963950157165527,0.30609617475383327,0.3235466206795478,0.31482139771669054,0.3954783309900644,0.3566386719918869,0,0.5122268526872811,0.4805001436155744,69.34
14.985698938369751,0.30609617475383327,0.3235466206795478,0.31482139771669054,0.3954783309900644,0.3566386719918869,0,0.5122268526872811,0.4805001436155744,69.34
