timestamp,left_ear,right_ear,avg_ear,gaze_ratio_left,gaze_ratio_right,blink,vertical_gaze_ratio_left,vertical_gaze_ratio_right
0.4784677028656006,0.32004175781887995,0.34519741953390876,0.33261958867639435,0.5545294870895554,0.4549527994731104,0,0.5142160704157664,0.5041660880433273
0.578986406326294,0.30189777294383896,0.3350012740004889,0.31844952347216393,0.5383814239835972,0.45911603451375155,0,0.4844698962632256,0.4645208211495494
0.5948686599731445,0.30189777294383896,0.3350012740004889,0.31844952347216393,0.5383814239835972,0.45911603451375155,0,0.4844698962632256,0.4645208211495494
0.6110775470733643,0.30189777294383896,0.3350012740004889,0.31844952347216393,0.5383814239835972,0.45911603451375155,0,0.4844698962632256,0.4645208211495494
0.6261739730834961,0.30189777294383896,0.3350012740004889,0.31844952347216393,0.5383814239835972,0.45911603451375155,0,0.4844698962632256,0.4645208211495494
0.7199416160583496,0.312319487837709,0.3261787851355162,0.3192491364866126,0.5527511766475426,0.43358870404233024,0,0.4779688022072781,0.4730269112711077
0.7454988956451416,0.312319487837709,0.3261787851355162,0.3192491364866126,0.5527511766475426,0.43358870404233024,0,0.4779688022072781,0.4730269112711077
0.7675437927246094,0.312319487837709,0.3261787851355162,0.3192491364866126,0.5527511766475426,0.43358870404233024,0,0.4779688022072781,0.4730269112711077
0.7816870212554932,0.312319487837709,0.3261787851355162,0.3192491364866126,0.5527511766475426,0.43358870404233024,0,0.4779688022072781,0.4730269112711077
0.8383002281188965,0.32636409344476436,0.34039072255152103,0.3333774079981427,0.5591921922676574,0.4565431880521164,0,0.4255582397983222,0.41420079830321654
0.8513009548187256,0.32636409344476436,0.34039072255152103,0.3333774079981427,0.5591921922676574,0.4565431880521164,0,0.4255582397983222,0.41420079830321654
0.8643007278442383,0.32636409344476436,0.34039072255152103,0.3333774079981427,0.5591921922676574,0.4565431880521164,0,0.4255582397983222,0.41420079830321654
0.8793816566467285,0.32636409344476436,0.34039072255152103,0.3333774079981427,0.5591921922676574,0.4565431880521164,0,0.4255582397983222,0.41420079830321654
0.9804635047912598,0.31891108286210085,0.34133810951313065,0.33012459618761575,0.5960993218085627,0.47525649953901977,0,0.4436136027900035,0.4261106673644201
0.994450569152832,0.31891108286210085,0.34133810951313065,0.33012459618761575,0.5960993218085627,0.47525649953901977,0,0.4436136027900035,0.4261106673644201
1.0095863342285156,0.31891108286210085,0.34133810951313065,0.33012459618761575,0.5960993218085627,0.47525649953901977,0,0.4436136027900035,0.4261106673644201
1.0236101150512695,0.31891108286210085,0.34133810951313065,0.33012459618761575,0.5960993218085627,0.47525649953901977,0,0.4436136027900035,0.4261106673644201
1.111344814300537,0.31942241503480445,0.3303785548166002,0.32490048492570234,0.5781230221131824,0.472009664324855,0,0.4048018862578761,0.4011038291004889
1.1263070106506348,0.31942241503480445,0.3303785548166002,0.32490048492570234,0.5781230221131824,0.472009664324855,0,0.4048018862578761,0.4011038291004889
1.144301176071167,0.31942241503480445,0.3303785548166002,0.32490048492570234,0.5781230221131824,0.472009664324855,0,0.4048018862578761,0.4011038291004889
1.1638062000274658,0.31942241503480445,0.3303785548166002,0.32490048492570234,0.5781230221131824,0.472009664324855,0,0.4048018862578761,0.4011038291004889
1.2365987300872803,0.3125840533620168,0.33062289436250064,0.32160347386225874,0.5810778471773518,0.4884858048565417,0,0.4307736732109111,0.4242326341832503
1.2495098114013672,0.3125840533620168,0.33062289436250064,0.32160347386225874,0.5810778471773518,0.4884858048565417,0,0.4307736732109111,0.4242326341832503
1.2625083923339844,0.3125840533620168,0.33062289436250064,0.32160347386225874,0.5810778471773518,0.4884858048565417,0,0.4307736732109111,0.4242326341832503
1.2765088081359863,0.3125840533620168,0.33062289436250064,0.32160347386225874,0.5810778471773518,0.4884858048565417,0,0.4307736732109111,0.4242326341832503
1.3842999935150146,0.29227239591348864,0.30450521375276807,0.29838880483312835,0.5808205438451252,0.47896498632592793,0,0.4152405131108716,0.40725198347649333
1.3983912467956543,0.29227239591348864,0.30450521375276807,0.29838880483312835,0.5808205438451252,0.47896498632592793,0,0.4152405131108716,0.40725198347649333
1.4129433631896973,0.29227239591348864,0.30450521375276807,0.29838880483312835,0.5808205438451252,0.47896498632592793,0,0.4152405131108716,0.40725198347649333
1.4269030094146729,0.29227239591348864,0.30450521375276807,0.29838880483312835,0.5808205438451252,0.47896498632592793,0,0.4152405131108716,0.40725198347649333
1.5099375247955322,0.3028420735206654,0.315181500087868,0.30901178680426666,0.5616353114710848,0.4813751273619368,0,0.3881305253168008,0.378766449665287
1.524014949798584,0.3028420735206654,0.315181500087868,0.30901178680426666,0.5616353114710848,0.4813751273619368,0,0.3881305253168008,0.378766449665287
1.5381975173950195,0.3028420735206654,0.315181500087868,0.30901178680426666,0.5616353114710848,0.4813751273619368,0,0.3881305253168008,0.378766449665287
1.552297592163086,0.3028420735206654,0.315181500087868,0.30901178680426666,0.5616353114710848,0.4813751273619368,0,0.3881305253168008,0.378766449665287
1.6406850814819336,0.3034809223514948,0.32457891071503203,0.3140299165332634,0.5678182270415588,0.4748216808614515,0,0.39851144375064784,0.39708511752915454
1.6547162532806396,0.3034809223514948,0.32457891071503203,0.3140299165332634,0.5678182270415588,0.4748216808614515,0,0.39851144375064784,0.39708511752915454
1.6687202453613281,0.3034809223514948,0.32457891071503203,0.3140299165332634,0.5678182270415588,0.4748216808614515,0,0.39851144375064784,0.39708511752915454
1.6829493045806885,0.3034809223514948,0.32457891071503203,0.3140299165332634,0.5678182270415588,0.4748216808614515,0,0.39851144375064784,0.39708511752915454
1.780824899673462,0.32375898477186243,0.33390111820084667,0.3288300514863546,0.5691161777203925,0.4809195529841764,0,0.40074891662955026,0.40409890155674394
1.7939462661743164,0.32375898477186243,0.33390111820084667,0.3288300514863546,0.5691161777203925,0.4809195529841764,0,0.40074891662955026,0.40409890155674394
1.8074569702148438,0.32375898477186243,0.33390111820084667,0.3288300514863546,0.5691161777203925,0.4809195529841764,0,0.40074891662955026,0.40409890155674394
1.8215322494506836,0.32375898477186243,0.33390111820084667,0.3288300514863546,0.5691161777203925,0.4809195529841764,0,0.40074891662955026,0.40409890155674394
1.9129602909088135,0.3217809348823623,0.33310612880267204,0.3274435318425172,0.5458602665796647,0.44506350467389705,0,0.4274798213339219,0.41428986068111456
1.925966501235962,0.3217809348823623,0.33310612880267204,0.3274435318425172,0.5458602665796647,0.44506350467389705,0,0.4274798213339219,0.41428986068111456
1.9422144889831543,0.3217809348823623,0.33310612880267204,0.3274435318425172,0.5458602665796647,0.44506350467389705,0,0.4274798213339219,0.41428986068111456
1.9573285579681396,0.3217809348823623,0.33310612880267204,0.3274435318425172,0.5458602665796647,0.44506350467389705,0,0.4274798213339219,0.41428986068111456
2.0334486961364746,0.32226558436362446,0.3289570866391381,0.32561133550138127,0.5458254310696178,0.47204624804103296,0,0.41919331076597804,0.40633751670853807
2.0474486351013184,0.32226558436362446,0.3289570866391381,0.32561133550138127,0.5458254310696178,0.47204624804103296,0,0.41919331076597804,0.40633751670853807
2.0608437061309814,0.32226558436362446,0.3289570866391381,0.32561133550138127,0.5458254310696178,0.47204624804103296,0,0.41919331076597804,0.40633751670853807
2.0748462677001953,0.32226558436362446,0.3289570866391381,0.32561133550138127,0.5458254310696178,0.47204624804103296,0,0.41919331076597804,0.40633751670853807
2.183814525604248,0.33389587261020665,0.3424625934333109,0.3381792330217588,0.5464943514458943,0.4476513981112964,0,0.42590845353086215,0.42010762716804356
2.19972562789917,0.33389587261020665,0.3424625934333109,0.3381792330217588,0.5464943514458943,0.4476513981112964,0,0.42590845353086215,0.42010762716804356
2.2150349617004395,0.33389587261020665,0.3424625934333109,0.3381792330217588,0.5464943514458943,0.4476513981112964,0,0.42590845353086215,0.42010762716804356
2.231708288192749,0.33389587261020665,0.3424625934333109,0.3381792330217588,0.5464943514458943,0.4476513981112964,0,0.42590845353086215,0.42010762716804356
2.306309700012207,0.3203258633646455,0.33332564304006457,0.3268257532023551,0.5623335997917176,0.4664281195366018,0,0.43658985026894637,0.4358740140406039
2.3213095664978027,0.3203258633646455,0.33332564304006457,0.3268257532023551,0.5623335997917176,0.4664281195366018,0,0.43658985026894637,0.4358740140406039
2.3363101482391357,0.3203258633646455,0.33332564304006457,0.3268257532023551,0.5623335997917176,0.4664281195366018,0,0.43658985026894637,0.4358740140406039
2.3523097038269043,0.3203258633646455,0.33332564304006457,0.3268257532023551,0.5623335997917176,0.4664281195366018,0,0.43658985026894637,0.4358740140406039
2.436028242111206,0.32032902793055146,0.3230563341688466,0.32169268104969906,0.5476547573937215,0.4641604459591848,0,0.4311886980951908,0.4172402022093453
2.450988531112671,0.32032902793055146,0.3230563341688466,0.32169268104969906,0.5476547573937215,0.4641604459591848,0,0.4311886980951908,0.4172402022093453
2.465423345565796,0.32032902793055146,0.3230563341688466,0.32169268104969906,0.5476547573937215,0.4641604459591848,0,0.4311886980951908,0.4172402022093453
2.480337142944336,0.32032902793055146,0.3230563341688466,0.32169268104969906,0.5476547573937215,0.4641604459591848,0,0.4311886980951908,0.4172402022093453
2.5789661407470703,0.3271594787260766,0.33345705806048687,0.33030826839328176,0.5567600913107237,0.4722288240983833,0,0.43881366947385525,0.42624003865126836
2.5959904193878174,0.3271594787260766,0.33345705806048687,0.33030826839328176,0.5567600913107237,0.4722288240983833,0,0.43881366947385525,0.42624003865126836
2.6115028858184814,0.3271594787260766,0.33345705806048687,0.33030826839328176,0.5567600913107237,0.4722288240983833,0,0.43881366947385525,0.42624003865126836
2.6264991760253906,0.3271594787260766,0.33345705806048687,0.33030826839328176,0.5567600913107237,0.4722288240983833,0,0.43881366947385525,0.42624003865126836
2.711085319519043,0.29322493515947307,0.2895327990234595,0.2913788670914663,0.5742914353401096,0.4682085923489676,0,0.43419462847523116,0.4206373120787973
2.731356382369995,0.29322493515947307,0.2895327990234595,0.2913788670914663,0.5742914353401096,0.4682085923489676,0,0.43419462847523116,0.4206373120787973
2.7504520416259766,0.29322493515947307,0.2895327990234595,0.2913788670914663,0.5742914353401096,0.4682085923489676,0,0.43419462847523116,0.4206373120787973
2.76853346824646,0.29322493515947307,0.2895327990234595,0.2913788670914663,0.5742914353401096,0.4682085923489676,0,0.43419462847523116,0.4206373120787973
2.8351714611053467,0.2756034949607892,0.27986261757429537,0.2777330562675423,0.5695469023477683,0.4644932364491018,0,0.41210716134282876,0.3970893128482188
2.851806640625,0.2756034949607892,0.27986261757429537,0.2777330562675423,0.5695469023477683,0.4644932364491018,0,0.41210716134282876,0.3970893128482188
2.867783308029175,0.2756034949607892,0.27986261757429537,0.2777330562675423,0.5695469023477683,0.4644932364491018,0,0.41210716134282876,0.3970893128482188
2.8817925453186035,0.2756034949607892,0.27986261757429537,0.2777330562675423,0.5695469023477683,0.4644932364491018,0,0.41210716134282876,0.3970893128482188
2.980457067489624,0.29342533188421305,0.2908864438822023,0.2921558878832077,0.5729328231246881,0.4631660952269858,0,0.4063822928324656,0.39503380303477537
2.99647855758667,0.29342533188421305,0.2908864438822023,0.2921558878832077,0.5729328231246881,0.4631660952269858,0,0.4063822928324656,0.39503380303477537
3.014106273651123,0.29342533188421305,0.2908864438822023,0.2921558878832077,0.5729328231246881,0.4631660952269858,0,0.4063822928324656,0.39503380303477537
3.0305774211883545,0.29342533188421305,0.2908864438822023,0.2921558878832077,0.5729328231246881,0.4631660952269858,0,0.4063822928324656,0.39503380303477537
3.1099941730499268,0.3115915751994099,0.3022091901515979,0.3069003826755039,0.5693151027951405,0.4528170759872108,0,0.4430808040947211,0.43414725641987517
3.128117322921753,0.3115915751994099,0.3022091901515979,0.3069003826755039,0.5693151027951405,0.4528170759872108,0,0.4430808040947211,0.43414725641987517
3.1461567878723145,0.3115915751994099,0.3022091901515979,0.3069003826755039,0.5693151027951405,0.4528170759872108,0,0.4430808040947211,0.43414725641987517
3.1655209064483643,0.3115915751994099,0.3022091901515979,0.3069003826755039,0.5693151027951405,0.4528170759872108,0,0.4430808040947211,0.43414725641987517
3.236109733581543,0.25081332642569515,0.23694967440239023,0.2438815004140427,0.5639977957479921,0.5282913414907702,0,0.4033754542212455,0.3864642311139227
3.253624677658081,0.25081332642569515,0.23694967440239023,0.2438815004140427,0.5639977957479921,0.5282913414907702,0,0.4033754542212455,0.3864642311139227
3.2700984477996826,0.25081332642569515,0.23694967440239023,0.2438815004140427,0.5639977957479921,0.5282913414907702,0,0.4033754542212455,0.3864642311139227
3.2870147228240967,0.25081332642569515,0.23694967440239023,0.2438815004140427,0.5639977957479921,0.5282913414907702,0,0.4033754542212455,0.3864642311139227
3.3807992935180664,0.23366001207121018,0.2329093867372303,0.23328469940422025,0.5365218835951489,0.5255987550116058,0,0.40049291809945037,0.37558257218897206
3.394779682159424,0.23366001207121018,0.2329093867372303,0.23328469940422025,0.5365218835951489,0.5255987550116058,0,0.40049291809945037,0.37558257218897206
3.409176826477051,0.23366001207121018,0.2329093867372303,0.23328469940422025,0.5365218835951489,0.5255987550116058,0,0.40049291809945037,0.37558257218897206
3.4244463443756104,0.23366001207121018,0.2329093867372303,0.23328469940422025,0.5365218835951489,0.5255987550116058,0,0.40049291809945037,0.37558257218897206
3.5087883472442627,0.3263018296181035,0.31946074195979474,0.32288128578894915,0.5673115810445116,0.4470280878441829,0,0.45650564194379056,0.44648085500439977
3.5267255306243896,0.3263018296181035,0.31946074195979474,0.32288128578894915,0.5673115810445116,0.4470280878441829,0,0.45650564194379056,0.44648085500439977
3.5422723293304443,0.3263018296181035,0.31946074195979474,0.32288128578894915,0.5673115810445116,0.4470280878441829,0,0.45650564194379056,0.44648085500439977
3.558274745941162,0.3263018296181035,0.31946074195979474,0.32288128578894915,0.5673115810445116,0.4470280878441829,0,0.45650564194379056,0.44648085500439977
3.641509771347046,0.3187883576844084,0.32164772933994573,0.3202180435121771,0.5640645364253292,0.47470576878075604,0,0.4253868792793487,0.41563929869273125
3.6595966815948486,0.3187883576844084,0.32164772933994573,0.3202180435121771,0.5640645364253292,0.47470576878075604,0,0.4253868792793487,0.41563929869273125
3.677457809448242,0.3187883576844084,0.32164772933994573,0.3202180435121771,0.5640645364253292,0.47470576878075604,0,0.4253868792793487,0.41563929869273125
3.6947596073150635,0.3187883576844084,0.32164772933994573,0.3202180435121771,0.5640645364253292,0.47470576878075604,0,0.4253868792793487,0.41563929869273125
3.7787888050079346,0.3231675689550097,0.329521227362674,0.32634439815884186,0.5761674569519828,0.4795782016897514,0,0.413536674165607,0.40793316542108815
3.792806386947632,0.3231675689550097,0.329521227362674,0.32634439815884186,0.5761674569519828,0.4795782016897514,0,0.413536674165607,0.40793316542108815
3.8073642253875732,0.3231675689550097,0.329521227362674,0.32634439815884186,0.5761674569519828,0.4795782016897514,0,0.413536674165607,0.40793316542108815
3.822361946105957,0.3231675689550097,0.329521227362674,0.32634439815884186,0.5761674569519828,0.4795782016897514,0,0.413536674165607,0.40793316542108815
3.906986951828003,0.32579577150548317,0.33418205405031703,0.3299889127779001,0.550536355036753,0.4577393347958045,0,0.41997193414792755,0.40546421596465226
3.921985387802124,0.32579577150548317,0.33418205405031703,0.3299889127779001,0.550536355036753,0.4577393347958045,0,0.41997193414792755,0.40546421596465226
3.937213182449341,0.32579577150548317,0.33418205405031703,0.3299889127779001,0.550536355036753,0.4577393347958045,0,0.41997193414792755,0.40546421596465226
3.952415704727173,0.32579577150548317,0.33418205405031703,0.3299889127779001,0.550536355036753,0.4577393347958045,0,0.41997193414792755,0.40546421596465226
4.035220384597778,0.31496532475432054,0.31191983119479494,0.31344257797455777,0.5671851444444005,0.4529900467166832,0,0.4045798559093415,0.383279306889845
4.050220251083374,0.31496532475432054,0.31191983119479494,0.31344257797455777,0.5671851444444005,0.4529900467166832,0,0.4045798559093415,0.383279306889845
4.066289663314819,0.31496532475432054,0.31191983119479494,0.31344257797455777,0.5671851444444005,0.4529900467166832,0,0.4045798559093415,0.383279306889845
4.0802226066589355,0.31496532475432054,0.31191983119479494,0.31344257797455777,0.5671851444444005,0.4529900467166832,0,0.4045798559093415,0.383279306889845
4.180762529373169,0.32734870036844493,0.330449092417162,0.32889889639280345,0.5763830120042194,0.4797071006225327,0,0.40950249565972224,0.39065886721076043
4.19378662109375,0.32734870036844493,0.330449092417162,0.32889889639280345,0.5763830120042194,0.4797071006225327,0,0.40950249565972224,0.39065886721076043
4.208253622055054,0.32734870036844493,0.330449092417162,0.32889889639280345,0.5763830120042194,0.4797071006225327,0,0.40950249565972224,0.39065886721076043
4.222206115722656,0.32734870036844493,0.330449092417162,0.32889889639280345,0.5763830120042194,0.4797071006225327,0,0.40950249565972224,0.39065886721076043
4.313809156417847,0.30532994771613126,0.31442610729092363,0.30987802750352744,0.5670874302418283,0.462091368037739,0,0.38606006567644563,0.3761766035681834
4.327022552490234,0.30532994771613126,0.31442610729092363,0.30987802750352744,0.5670874302418283,0.462091368037739,0,0.38606006567644563,0.3761766035681834
4.3414154052734375,0.30532994771613126,0.31442610729092363,0.30987802750352744,0.5670874302418283,0.462091368037739,0,0.38606006567644563,0.3761766035681834
4.355414390563965,0.30532994771613126,0.31442610729092363,0.30987802750352744,0.5670874302418283,0.462091368037739,0,0.38606006567644563,0.3761766035681834
4.451554298400879,0.31900683927275814,0.31853177864983545,0.3187693089612968,0.5741736861682623,0.47395193529173546,0,0.39292761371245966,0.3828320225395185
4.46555757522583,0.31900683927275814,0.31853177864983545,0.3187693089612968,0.5741736861682623,0.47395193529173546,0,0.39292761371245966,0.3828320225395185
4.478553295135498,0.31900683927275814,0.31853177864983545,0.3187693089612968,0.5741736861682623,0.47395193529173546,0,0.39292761371245966,0.3828320225395185
4.491730690002441,0.31900683927275814,0.31853177864983545,0.3187693089612968,0.5741736861682623,0.47395193529173546,0,0.39292761371245966,0.3828320225395185
4.5846476554870605,0.33599577609763887,0.3408082950101396,0.33840203555388926,0.5672944406855371,0.48033971146626053,0,0.4173604331692462,0.40859422127084094
4.598690032958984,0.33599577609763887,0.3408082950101396,0.33840203555388926,0.5672944406855371,0.48033971146626053,0,0.4173604331692462,0.40859422127084094
4.61206579208374,0.33599577609763887,0.3408082950101396,0.33840203555388926,0.5672944406855371,0.48033971146626053,0,0.4173604331692462,0.40859422127084094
4.625355243682861,0.33599577609763887,0.3408082950101396,0.33840203555388926,0.5672944406855371,0.48033971146626053,0,0.4173604331692462,0.40859422127084094
4.708939552307129,0.33288488968420205,0.33911577602817344,0.33600033285618774,0.5781248771950968,0.47453887179762755,0,0.4136272681646458,0.4065824564742202
4.722214221954346,0.33288488968420205,0.33911577602817344,0.33600033285618774,0.5781248771950968,0.47453887179762755,0,0.4136272681646458,0.4065824564742202
4.7362470626831055,0.33288488968420205,0.33911577602817344,0.33600033285618774,0.5781248771950968,0.47453887179762755,0,0.4136272681646458,0.4065824564742202
4.7501726150512695,0.33288488968420205,0.33911577602817344,0.33600033285618774,0.5781248771950968,0.47453887179762755,0,0.4136272681646458,0.4065824564742202
4.856236696243286,0.32114361303270234,0.3156956959981311,0.3184196545154167,0.5749109319332458,0.46713983682196875,0,0.44060657826567906,0.4265311271054389
4.870234966278076,0.32114361303270234,0.3156956959981311,0.3184196545154167,0.5749109319332458,0.46713983682196875,0,0.44060657826567906,0.4265311271054389
4.883756637573242,0.32114361303270234,0.3156956959981311,0.3184196545154167,0.5749109319332458,0.46713983682196875,0,0.44060657826567906,0.4265311271054389
4.896813154220581,0.32114361303270234,0.3156956959981311,0.3184196545154167,0.5749109319332458,0.46713983682196875,0,0.44060657826567906,0.4265311271054389
4.9785315990448,0.3061517857801196,0.3163884026584714,0.3112700942192955,0.5878454050095842,0.4686742810454151,0,0.41839696589560094,0.4073346864866656
4.992618083953857,0.3061517857801196,0.3163884026584714,0.3112700942192955,0.5878454050095842,0.4686742810454151,0,0.41839696589560094,0.4073346864866656
5.006518363952637,0.3061517857801196,0.3163884026584714,0.3112700942192955,0.5878454050095842,0.4686742810454151,0,0.41839696589560094,0.4073346864866656
5.021514415740967,0.3061517857801196,0.3163884026584714,0.3112700942192955,0.5878454050095842,0.4686742810454151,0,0.41839696589560094,0.4073346864866656
5.106631755828857,0.2992932618820148,0.30987981876059145,0.30458654032130317,0.5795711430177549,0.4770564213001623,0,0.40578064164113997,0.3960220178323339
5.119624853134155,0.2992932618820148,0.30987981876059145,0.30458654032130317,0.5795711430177549,0.4770564213001623,0,0.40578064164113997,0.3960220178323339
5.134579420089722,0.2992932618820148,0.30987981876059145,0.30458654032130317,0.5795711430177549,0.4770564213001623,0,0.40578064164113997,0.3960220178323339
5.14866304397583,0.2992932618820148,0.30987981876059145,0.30458654032130317,0.5795711430177549,0.4770564213001623,0,0.40578064164113997,0.3960220178323339
5.2526891231536865,0.309127352958162,0.32054772661387276,0.31483753978601736,0.5749228126717302,0.48026876251951994,0,0.3943086874623052,0.39145121384736076
5.266611576080322,0.309127352958162,0.32054772661387276,0.31483753978601736,0.5749228126717302,0.48026876251951994,0,0.3943086874623052,0.39145121384736076
5.279841423034668,0.309127352958162,0.32054772661387276,0.31483753978601736,0.5749228126717302,0.48026876251951994,0,0.3943086874623052,0.39145121384736076
5.293355464935303,0.309127352958162,0.32054772661387276,0.31483753978601736,0.5749228126717302,0.48026876251951994,0,0.3943086874623052,0.39145121384736076
5.38264012336731,0.32602631675859484,0.3284146869219414,0.32722050184026813,0.5766000529380625,0.4692974320468128,0,0.41479348729698495,0.4017271094853641
5.396886348724365,0.32602631675859484,0.3284146869219414,0.32722050184026813,0.5766000529380625,0.4692974320468128,0,0.41479348729698495,0.4017271094853641
5.410512447357178,0.32602631675859484,0.3284146869219414,0.32722050184026813,0.5766000529380625,0.4692974320468128,0,0.41479348729698495,0.4017271094853641
5.42488431930542,0.32602631675859484,0.3284146869219414,0.32722050184026813,0.5766000529380625,0.4692974320468128,0,0.41479348729698495,0.4017271094853641
5.508472681045532,0.3198759404117373,0.32063041857370883,0.32025317949272303,0.5704504768306237,0.4662674504851531,0,0.4179769181555573,0.40231106085203416
5.521861791610718,0.3198759404117373,0.32063041857370883,0.32025317949272303,0.5704504768306237,0.4662674504851531,0,0.4179769181555573,0.40231106085203416
5.536117315292358,0.3198759404117373,0.32063041857370883,0.32025317949272303,0.5704504768306237,0.4662674504851531,0,0.4179769181555573,0.40231106085203416
5.549046993255615,0.3198759404117373,0.32063041857370883,0.32025317949272303,0.5704504768306237,0.4662674504851531,0,0.4179769181555573,0.40231106085203416
5.656482696533203,0.31039960794736937,0.3185740703045869,0.31448683912597813,0.5631595614139255,0.4700998430063356,0,0.4099247220473797,0.3950245564164607
5.670733213424683,0.31039960794736937,0.3185740703045869,0.31448683912597813,0.5631595614139255,0.4700998430063356,0,0.4099247220473797,0.3950245564164607
5.684727430343628,0.31039960794736937,0.3185740703045869,0.31448683912597813,0.5631595614139255,0.4700998430063356,0,0.4099247220473797,0.3950245564164607
5.698729753494263,0.31039960794736937,0.3185740703045869,0.31448683912597813,0.5631595614139255,0.4700998430063356,0,0.4099247220473797,0.3950245564164607
5.7834250926971436,0.3160548668869715,0.3266414813836546,0.321348174135313,0.5766880039065195,0.4778188737850114,0,0.4098113609958972,0.40099840171235046
5.796512842178345,0.3160548668869715,0.3266414813836546,0.321348174135313,0.5766880039065195,0.4778188737850114,0,0.4098113609958972,0.40099840171235046
5.810441255569458,0.3160548668869715,0.3266414813836546,0.321348174135313,0.5766880039065195,0.4778188737850114,0,0.4098113609958972,0.40099840171235046
5.824281930923462,0.3160548668869715,0.3266414813836546,0.321348174135313,0.5766880039065195,0.4778188737850114,0,0.4098113609958972,0.40099840171235046
5.912299633026123,0.3198151921959607,0.3258590004975532,0.32283709634675695,0.5943600404284778,0.4966642165400006,0,0.4161680826174476,0.40573682042025544
5.925912857055664,0.3198151921959607,0.3258590004975532,0.32283709634675695,0.5943600404284778,0.4966642165400006,0,0.4161680826174476,0.40573682042025544
5.939880847930908,0.3198151921959607,0.3258590004975532,0.32283709634675695,0.5943600404284778,0.4966642165400006,0,0.4161680826174476,0.40573682042025544
5.954838752746582,0.3198151921959607,0.3258590004975532,0.32283709634675695,0.5943600404284778,0.4966642165400006,0,0.4161680826174476,0.40573682042025544
6.051826238632202,0.32028681308181556,0.31889392756152773,0.31959037032167165,0.5918886691484412,0.48175342435734664,0,0.4130974575572091,0.39620626235163753
6.0657453536987305,0.32028681308181556,0.31889392756152773,0.31959037032167165,0.5918886691484412,0.48175342435734664,0,0.4130974575572091,0.39620626235163753
6.078745603561401,0.32028681308181556,0.31889392756152773,0.31959037032167165,0.5918886691484412,0.48175342435734664,0,0.4130974575572091,0.39620626235163753
6.092844009399414,0.32028681308181556,0.31889392756152773,0.31959037032167165,0.5918886691484412,0.48175342435734664,0,0.4130974575572091,0.39620626235163753
6.184689283370972,0.3332609639758151,0.3464188632127031,0.33983991359425914,0.5879444960828575,0.4758066446332308,0,0.41930590778614285,0.40418845548235566
6.198823928833008,0.3332609639758151,0.3464188632127031,0.33983991359425914,0.5879444960828575,0.4758066446332308,0,0.41930590778614285,0.40418845548235566
6.212913274765015,0.3332609639758151,0.3464188632127031,0.33983991359425914,0.5879444960828575,0.4758066446332308,0,0.41930590778614285,0.40418845548235566
6.226518630981445,0.3332609639758151,0.3464188632127031,0.33983991359425914,0.5879444960828575,0.4758066446332308,0,0.41930590778614285,0.40418845548235566
6.308621644973755,0.32740954820350404,0.3370404798677737,0.33222501403563887,0.5783602626486881,0.4673871779706477,0,0.41641142512331064,0.3976644130301168
6.322213888168335,0.32740954820350404,0.3370404798677737,0.33222501403563887,0.5783602626486881,0.4673871779706477,0,0.41641142512331064,0.3976644130301168
6.336206912994385,0.32740954820350404,0.3370404798677737,0.33222501403563887,0.5783602626486881,0.4673871779706477,0,0.41641142512331064,0.3976644130301168
6.351596355438232,0.32740954820350404,0.3370404798677737,0.33222501403563887,0.5783602626486881,0.4673871779706477,0,0.41641142512331064,0.3976644130301168
6.454683542251587,0.3278044042188949,0.3342680924835384,0.33103624835121664,0.5720601634227803,0.4777938893532814,0,0.4206758442698879,0.40547763825619315
6.474666357040405,0.3278044042188949,0.3342680924835384,0.33103624835121664,0.5720601634227803,0.4777938893532814,0,0.4206758442698879,0.40547763825619315
6.49396824836731,0.3278044042188949,0.3342680924835384,0.33103624835121664,0.5720601634227803,0.4777938893532814,0,0.4206758442698879,0.40547763825619315
6.508979320526123,0.3278044042188949,0.3342680924835384,0.33103624835121664,0.5720601634227803,0.4777938893532814,0,0.4206758442698879,0.40547763825619315
6.589587688446045,0.3372946774093377,0.35070362257785515,0.34399914999359643,0.5724667359776524,0.4795919618862803,0,0.4108236590637066,0.3958685950188127
6.609713077545166,0.3372946774093377,0.35070362257785515,0.34399914999359643,0.5724667359776524,0.4795919618862803,0,0.4108236590637066,0.3958685950188127
6.626034498214722,0.3372946774093377,0.35070362257785515,0.34399914999359643,0.5724667359776524,0.4795919618862803,0,0.4108236590637066,0.3958685950188127
6.639998197555542,0.3372946774093377,0.35070362257785515,0.34399914999359643,0.5724667359776524,0.4795919618862803,0,0.4108236590637066,0.3958685950188127
6.705838203430176,0.3254134297556208,0.3378718408590829,0.33164263530735183,0.5807087899886353,0.484002292553462,0,0.42210494143258914,0.40665131045828373
6.719998121261597,0.3254134297556208,0.3378718408590829,0.33164263530735183,0.5807087899886353,0.484002292553462,0,0.42210494143258914,0.40665131045828373
6.733999013900757,0.3254134297556208,0.3378718408590829,0.33164263530735183,0.5807087899886353,0.484002292553462,0,0.42210494143258914,0.40665131045828373
6.748001575469971,0.3254134297556208,0.3378718408590829,0.33164263530735183,0.5807087899886353,0.484002292553462,0,0.42210494143258914,0.40665131045828373
6.853640556335449,0.3191779806832828,0.33249050913942435,0.3258342449113536,0.5775277152187194,0.4774399936389864,0,0.40914500264381465,0.39117724926090985
6.867609024047852,0.3191779806832828,0.33249050913942435,0.3258342449113536,0.5775277152187194,0.4774399936389864,0,0.40914500264381465,0.39117724926090985
6.88156795501709,0.3191779806832828,0.33249050913942435,0.3258342449113536,0.5775277152187194,0.4774399936389864,0,0.40914500264381465,0.39117724926090985
6.89509391784668,0.3191779806832828,0.33249050913942435,0.3258342449113536,0.5775277152187194,0.4774399936389864,0,0.40914500264381465,0.39117724926090985
6.979022264480591,0.3397174456376622,0.3489006279625454,0.34430903680010383,0.5924115097285845,0.4454118243110523,0,0.4128558082708929,0.39829623573035583
6.992987871170044,0.3397174456376622,0.3489006279625454,0.34430903680010383,0.5924115097285845,0.4454118243110523,0,0.4128558082708929,0.39829623573035583
7.006356239318848,0.3397174456376622,0.3489006279625454,0.34430903680010383,0.5924115097285845,0.4454118243110523,0,0.4128558082708929,0.39829623573035583
7.019845962524414,0.3397174456376622,0.3489006279625454,0.34430903680010383,0.5924115097285845,0.4454118243110523,0,0.4128558082708929,0.39829623573035583
7.134462356567383,0.3398955715266047,0.3539239201437237,0.3469097458351642,0.5762635414563277,0.46250783167306425,0,0.4039754533337987,0.38727045302104673
7.1493895053863525,0.3398955715266047,0.3539239201437237,0.3469097458351642,0.5762635414563277,0.46250783167306425,0,0.4039754533337987,0.38727045302104673
7.2557525634765625,0.3331020287547053,0.33119853646139785,0.3321502826080516,0.5606551980433558,0.4792180894827929,0,0.4261779406180404,0.40722482174688057
7.269742965698242,0.3331020287547053,0.33119853646139785,0.3321502826080516,0.5606551980433558,0.4792180894827929,0,0.4261779406180404,0.40722482174688057
7.284681081771851,0.3331020287547053,0.33119853646139785,0.3321502826080516,0.5606551980433558,0.4792180894827929,0,0.4261779406180404,0.40722482174688057
7.381613492965698,0.3220271282878195,0.3184345266805657,0.3202308274841926,0.5827985131585985,0.4644223338618384,0,0.4212319321241216,0.387830500897679
7.39461612701416,0.3220271282878195,0.3184345266805657,0.3202308274841926,0.5827985131585985,0.4644223338618384,0,0.4212319321241216,0.387830500897679
7.408689498901367,0.3220271282878195,0.3184345266805657,0.3202308274841926,0.5827985131585985,0.4644223338618384,0,0.4212319321241216,0.387830500897679
7.422696352005005,0.3220271282878195,0.3184345266805657,0.3202308274841926,0.5827985131585985,0.4644223338618384,0,0.4212319321241216,0.387830500897679
7.50841498374939,0.3359237896440608,0.34723977418592816,0.34158178191499444,0.5665644115335379,0.4910920110529289,0,0.4059921623947595,0.391899252645379
7.5222978591918945,0.3359237896440608,0.34723977418592816,0.34158178191499444,0.5665644115335379,0.4910920110529289,0,0.4059921623947595,0.391899252645379
7.65432596206665,0.3593026042961334,0.37610252538959815,0.3677025648428658,0.5808477015910092,0.4647029516320155,0,0.39536187710268283,0.3750339029838242
7.668275594711304,0.3593026042961334,0.37610252538959815,0.3677025648428658,0.5808477015910092,0.4647029516320155,0,0.39536187710268283,0.3750339029838242
7.6823201179504395,0.3593026042961334,0.37610252538959815,0.3677025648428658,0.5808477015910092,0.4647029516320155,0,0.39536187710268283,0.3750339029838242
7.783679246902466,0.3595596962214203,0.36689307561706686,0.3632263859192436,0.5866441829964013,0.4611153676266094,0,0.394666230484559,0.36813773936076816
7.79677152633667,0.3595596962214203,0.36689307561706686,0.3632263859192436,0.5866441829964013,0.4611153676266094,0,0.394666230484559,0.36813773936076816
7.810667037963867,0.3595596962214203,0.36689307561706686,0.3632263859192436,0.5866441829964013,0.4611153676266094,0,0.394666230484559,0.36813773936076816
7.824831962585449,0.3595596962214203,0.36689307561706686,0.3632263859192436,0.5866441829964013,0.4611153676266094,0,0.394666230484559,0.36813773936076816
7.908379316329956,0.3554268077881765,0.36091681152054633,0.3581718096543614,0.5844660747033389,0.4585698728295477,0,0.3984567614937338,0.37967786603733517
7.9216907024383545,0.3554268077881765,0.36091681152054633,0.3581718096543614,0.5844660747033389,0.4585698728295477,0,0.3984567614937338,0.37967786603733517
8.05464768409729,0.36922846600092407,0.3740793203059671,0.37165389315344555,0.5783305160415678,0.4656477001741063,0,0.40206413843652644,0.38175028345372897
8.068680047988892,0.36922846600092407,0.3740793203059671,0.37165389315344555,0.5783305160415678,0.4656477001741063,0,0.40206413843652644,0.38175028345372897
8.08156156539917,0.36922846600092407,0.3740793203059671,0.37165389315344555,0.5783305160415678,0.4656477001741063,0,0.40206413843652644,0.38175028345372897
8.179279565811157,0.36510744085097624,0.363891097726263,0.36449926928861964,0.5788197398887993,0.4676392351427981,0,0.3899086192821215,0.3683948671712618
8.192204713821411,0.36510744085097624,0.363891097726263,0.36449926928861964,0.5788197398887993,0.4676392351427981,0,0.3899086192821215,0.3683948671712618
8.206204891204834,0.36510744085097624,0.363891097726263,0.36449926928861964,0.5788197398887993,0.4676392351427981,0,0.3899086192821215,0.3683948671712618
8.219278573989868,0.36510744085097624,0.363891097726263,0.36449926928861964,0.5788197398887993,0.4676392351427981,0,0.3899086192821215,0.3683948671712618
8.33047604560852,0.3699872704429469,0.37988987910994637,0.37493857477644665,0.5656671538285942,0.4616885276851294,0,0.4030934553653826,0.38349048046325307
8.344202518463135,0.3699872704429469,0.37988987910994637,0.37493857477644665,0.5656671538285942,0.4616885276851294,0,0.4030934553653826,0.38349048046325307
8.454146146774292,0.2632618061176415,0.26642686024922485,0.26484433318343314,0.536480331874248,0.4453431966831675,0,0.43370303738230004,0.42140892624502524
8.469138383865356,0.2632618061176415,0.26642686024922485,0.26484433318343314,0.536480331874248,0.4453431966831675,0,0.43370303738230004,0.42140892624502524
8.483302593231201,0.2632618061176415,0.26642686024922485,0.26484433318343314,0.536480331874248,0.4453431966831675,0,0.43370303738230004,0.42140892624502524
8.586493968963623,0.24708122299549384,0.257674011541761,0.2523776172686274,0.5509520471765879,0.4766241096147111,0,0.4770513293509063,0.4686438142867005
8.600670576095581,0.24708122299549384,0.257674011541761,0.2523776172686274,0.5509520471765879,0.4766241096147111,0,0.4770513293509063,0.4686438142867005
8.6129732131958,0.24708122299549384,0.257674011541761,0.2523776172686274,0.5509520471765879,0.4766241096147111,0,0.4770513293509063,0.4686438142867005
8.62606930732727,0.24708122299549384,0.257674011541761,0.2523776172686274,0.5509520471765879,0.4766241096147111,0,0.4770513293509063,0.4686438142867005
8.725412368774414,0.2526631243668774,0.20647305479264505,0.22956808957976121,0.5414612984032355,0.48070374002283783,0,0.469490207693162,0.4336528494391968
8.737660884857178,0.2526631243668774,0.20647305479264505,0.22956808957976121,0.5414612984032355,0.48070374002283783,0,0.469490207693162,0.4336528494391968
8.858908414840698,0.27694112246889824,0.26502807974155823,0.27098460110522826,0.5702631820784527,0.47239196190947097,0,0.4759756441682334,0.449981611916225
8.872903823852539,0.27694112246889824,0.26502807974155823,0.27098460110522826,0.5702631820784527,0.47239196190947097,0,0.4759756441682334,0.449981611916225
8.886908769607544,0.27694112246889824,0.26502807974155823,0.27098460110522826,0.5702631820784527,0.47239196190947097,0,0.4759756441682334,0.449981611916225
8.981163740158081,0.2580027980139777,0.2742203594647779,0.2661115787393778,0.5772914301929626,0.4670330560259148,0,0.448776712024019,0.43643440972135583
8.994276523590088,0.2580027980139777,0.2742203594647779,0.2661115787393778,0.5772914301929626,0.4670330560259148,0,0.448776712024019,0.43643440972135583
9.008193969726562,0.2580027980139777,0.2742203594647779,0.2661115787393778,0.5772914301929626,0.4670330560259148,0,0.448776712024019,0.43643440972135583
9.022233247756958,0.2580027980139777,0.2742203594647779,0.2661115787393778,0.5772914301929626,0.4670330560259148,0,0.448776712024019,0.43643440972135583
9.131733894348145,0.30312506316644167,0.29737731373242315,0.30025118844943244,0.5296766888916845,0.4658174571866153,0,0.4920837409268907,0.4753969511820396
9.145818948745728,0.30312506316644167,0.29737731373242315,0.30025118844943244,0.5296766888916845,0.4658174571866153,0,0.4920837409268907,0.4753969511820396
9.25374960899353,0.2832526004633304,0.24951545442419665,0.26638402744376355,0.5160102483648328,0.4642754362556576,0,0.4354824228881529,0.41289284710579616
9.26698923110962,0.2832526004633304,0.24951545442419665,0.26638402744376355,0.5160102483648328,0.4642754362556576,0,0.4354824228881529,0.41289284710579616
9.280092000961304,0.2832526004633304,0.24951545442419665,0.26638402744376355,0.5160102483648328,0.4642754362556576,0,0.4354824228881529,0.41289284710579616
9.378856658935547,0.2919375623143583,0.30671545964371605,0.2993265109790372,0.536253793621312,0.458419885939402,0,0.45419841130661265,0.44328259098380085
9.392056941986084,0.2919375623143583,0.30671545964371605,0.2993265109790372,0.536253793621312,0.458419885939402,0,0.45419841130661265,0.44328259098380085
9.405993700027466,0.2919375623143583,0.30671545964371605,0.2993265109790372,0.536253793621312,0.458419885939402,0,0.45419841130661265,0.44328259098380085
9.422035694122314,0.2919375623143583,0.30671545964371605,0.2993265109790372,0.536253793621312,0.458419885939402,0,0.45419841130661265,0.44328259098380085
9.524052619934082,0.29205764656394606,0.2937813699821351,0.2929195082730406,0.5481326923348042,0.46108200699135743,0,0.4536173904660915,0.44463779037005086
9.538095474243164,0.29205764656394606,0.2937813699821351,0.2929195082730406,0.5481326923348042,0.46108200699135743,0,0.4536173904660915,0.44463779037005086
9.657623767852783,0.2670351909261849,0.27517559007444753,0.27110539050031623,0.5522397324244773,0.45890381731956276,0,0.4181941725582825,0.4149169162945798
9.671835660934448,0.2670351909261849,0.27517559007444753,0.27110539050031623,0.5522397324244773,0.45890381731956276,0,0.4181941725582825,0.4149169162945798
9.685835838317871,0.2670351909261849,0.27517559007444753,0.27110539050031623,0.5522397324244773,0.45890381731956276,0,0.4181941725582825,0.4149169162945798
9.781489849090576,0.2807476619559918,0.2944407737811338,0.2875942178685628,0.5392702517985101,0.4425155319699715,0,0.4632566386625575,0.45000365409657445
9.794942617416382,0.2807476619559918,0.2944407737811338,0.2875942178685628,0.5392702517985101,0.4425155319699715,0,0.4632566386625575,0.45000365409657445
9.808980226516724,0.2807476619559918,0.2944407737811338,0.2875942178685628,0.5392702517985101,0.4425155319699715,0,0.4632566386625575,0.45000365409657445
9.823006629943848,0.2807476619559918,0.2944407737811338,0.2875942178685628,0.5392702517985101,0.4425155319699715,0,0.4632566386625575,0.45000365409657445
9.927050113677979,0.27071303141620506,0.27818131332587237,0.2744471723710387,0.5778721611353903,0.46534812880765886,0,0.445168306648877,0.44248922883284114
9.9413902759552,0.27071303141620506,0.27818131332587237,0.2744471723710387,0.5778721611353903,0.46534812880765886,0,0.445168306648877,0.44248922883284114
10.054744482040405,0.15611720907787127,0.16075823602821812,0.1584377225530447,0.5036173701143746,0.5122771371971352,0,0.41537663497003746,0.36564526252879365
10.068840742111206,0.15611720907787127,0.16075823602821812,0.1584377225530447,0.5036173701143746,0.5122771371971352,0,0.41537663497003746,0.36564526252879365
10.08279800415039,0.15611720907787127,0.16075823602821812,0.1584377225530447,0.5036173701143746,0.5122771371971352,0,0.41537663497003746,0.36564526252879365
10.182131290435791,0.12585436834991037,0.14758263466936297,0.13671850150963666,0.48386709896157587,0.4987855252523314,0,0.4130188340807175,0.3821915530428999
10.195380687713623,0.12585436834991037,0.14758263466936297,0.13671850150963666,0.48386709896157587,0.4987855252523314,0,0.4130188340807175,0.3821915530428999
10.209320783615112,0.12585436834991037,0.14758263466936297,0.13671850150963666,0.48386709896157587,0.4987855252523314,0,0.4130188340807175,0.3821915530428999
10.223381280899048,0.12585436834991037,0.14758263466936297,0.13671850150963666,0.48386709896157587,0.4987855252523314,0,0.4130188340807175,0.3821915530428999
10.325421571731567,0.09456507118323935,0.13507904016305125,0.1148220556731453,0.49351125907233806,0.5055512371118901,0,0.32407059354208173,0.33132610594461287
10.338691711425781,0.09456507118323935,0.13507904016305125,0.1148220556731453,0.49351125907233806,0.5055512371118901,0,0.32407059354208173,0.33132610594461287
10.455112934112549,0.17111364263264162,0.2118186127737664,0.191466127703204,0.5147154949041285,0.48775449108307173,0,0.48451811272546175,0.4617884546039629
10.469200849533081,0.17111364263264162,0.2118186127737664,0.191466127703204,0.5147154949041285,0.48775449108307173,0,0.48451811272546175,0.4617884546039629
10.482241868972778,0.17111364263264162,0.2118186127737664,0.191466127703204,0.5147154949041285,0.48775449108307173,0,0.48451811272546175,0.4617884546039629
10.580689907073975,0.17807260042154482,0.23717872217114197,0.2076256612963434,0.5241985049833887,0.47171625643581755,0,0.5017992865302001,0.4794428182093469
10.594720363616943,0.17807260042154482,0.23717872217114197,0.2076256612963434,0.5241985049833887,0.47171625643581755,0,0.5017992865302001,0.4794428182093469
10.60793137550354,0.17807260042154482,0.23717872217114197,0.2076256612963434,0.5241985049833887,0.47171625643581755,0,0.5017992865302001,0.4794428182093469
10.620054483413696,0.17807260042154482,0.23717872217114197,0.2076256612963434,0.5241985049833887,0.47171625643581755,0,0.5017992865302001,0.4794428182093469
10.730473041534424,0.2130008281839697,0.23654657605774498,0.22477370212085734,0.5047563303851585,0.45939742887614216,1,0.5156761642775971,0.5040219943036045
10.743478536605835,0.2130008281839697,0.23654657605774498,0.22477370212085734,0.5047563303851585,0.45939742887614216,0,0.5156761642775971,0.5040219943036045
10.85303258895874,0.23219243493496985,0.22627970961222282,0.22923607227359633,0.5359820600325098,0.4592818857702726,0,0.44548016960819853,0.44292487933490676
10.868548154830933,0.23219243493496985,0.22627970961222282,0.22923607227359633,0.5359820600325098,0.4592818857702726,0,0.44548016960819853,0.44292487933490676
10.8825843334198,0.23219243493496985,0.22627970961222282,0.22923607227359633,0.5359820600325098,0.4592818857702726,0,0.44548016960819853,0.44292487933490676
10.984663963317871,0.24862245713107678,0.2958488757294,0.2722356664302384,0.501282671188878,0.4631011179624548,0,0.48908816286446694,0.4807085061801213
10.997915029525757,0.24862245713107678,0.2958488757294,0.2722356664302384,0.501282671188878,0.4631011179624548,0,0.48908816286446694,0.4807085061801213
11.010918617248535,0.24862245713107678,0.2958488757294,0.2722356664302384,0.501282671188878,0.4631011179624548,0,0.48908816286446694,0.4807085061801213
11.024917364120483,0.24862245713107678,0.2958488757294,0.2722356664302384,0.501282671188878,0.4631011179624548,0,0.48908816286446694,0.4807085061801213
11.126463890075684,0.21948413092229418,0.2635616699041906,0.2415229004132424,0.5452883657636678,0.4702398032383685,0,0.4957230655597373,0.4830948615146945
11.140561580657959,0.21948413092229418,0.2635616699041906,0.2415229004132424,0.5452883657636678,0.4702398032383685,0,0.4957230655597373,0.4830948615146945
11.256850719451904,0.2372696029115369,0.27572839501491475,0.2564989989632258,0.5677470103908043,0.4448788852285184,0,0.4904011765538612,0.4882712226037552
11.270931482315063,0.2372696029115369,0.27572839501491475,0.2564989989632258,0.5677470103908043,0.4448788852285184,0,0.4904011765538612,0.4882712226037552
11.282858848571777,0.2372696029115369,0.27572839501491475,0.2564989989632258,0.5677470103908043,0.4448788852285184,0,0.4904011765538612,0.4882712226037552
11.380565404891968,0.27701754969209424,0.27580252043932996,0.2764100350657121,0.5606807153750173,0.47195593033133854,0,0.4662244282134313,0.45903438828199095
11.393621444702148,0.27701754969209424,0.27580252043932996,0.2764100350657121,0.5606807153750173,0.47195593033133854,0,0.4662244282134313,0.45903438828199095
11.52668285369873,0.28068333193387307,0.2977274922234335,0.28920541207865325,0.5671807894316897,0.4330506043492595,0,0.4993656583277168,0.4925312169919999
11.542683362960815,0.28068333193387307,0.2977274922234335,0.28920541207865325,0.5671807894316897,0.4330506043492595,0,0.4993656583277168,0.4925312169919999
11.558500528335571,0.28068333193387307,0.2977274922234335,0.28920541207865325,0.5671807894316897,0.4330506043492595,0,0.4993656583277168,0.4925312169919999
11.5739164352417,0.28068333193387307,0.2977274922234335,0.28920541207865325,0.5671807894316897,0.4330506043492595,0,0.4993656583277168,0.4925312169919999
11.650481700897217,0.23823234936869192,0.24435832635113244,0.2412953378599122,0.5455577168004573,0.4545134448553555,0,0.44600863986413053,0.4397657360594941
11.664750814437866,0.23823234936869192,0.24435832635113244,0.2412953378599122,0.5455577168004573,0.4545134448553555,0,0.44600863986413053,0.4397657360594941
11.677840232849121,0.23823234936869192,0.24435832635113244,0.2412953378599122,0.5455577168004573,0.4545134448553555,0,0.44600863986413053,0.4397657360594941
11.783562898635864,0.2327079390094787,0.2712342229287089,0.2519710809690938,0.5158230693158321,0.4489921458456277,0,0.4495703824478365,0.4577349210973449
11.797561407089233,0.2327079390094787,0.2712342229287089,0.2519710809690938,0.5158230693158321,0.4489921458456277,0,0.4495703824478365,0.4577349210973449
11.924384117126465,0.17179157416166296,0.2035355309019272,0.18766355253179506,0.5191907642735041,0.4789269854802892,0,0.4104094294853091,0.4102310825912974
11.937804698944092,0.17179157416166296,0.2035355309019272,0.18766355253179506,0.5191907642735041,0.4789269854802892,0,0.4104094294853091,0.4102310825912974
11.951847314834595,0.17179157416166296,0.2035355309019272,0.18766355253179506,0.5191907642735041,0.4789269854802892,0,0.4104094294853091,0.4102310825912974
11.965235233306885,0.17179157416166296,0.2035355309019272,0.18766355253179506,0.5191907642735041,0.4789269854802892,0,0.4104094294853091,0.4102310825912974
12.055387020111084,0.15705271662817674,0.18013962581861603,0.16859617122339637,0.5518330841890743,0.4618080540562465,0,0.35686015431331786,0.3599580340390572
12.06984257698059,0.15705271662817674,0.18013962581861603,0.16859617122339637,0.5518330841890743,0.4618080540562465,0,0.35686015431331786,0.3599580340390572
12.082767248153687,0.15705271662817674,0.18013962581861603,0.16859617122339637,0.5518330841890743,0.4618080540562465,0,0.35686015431331786,0.3599580340390572
12.18074083328247,0.19993582402225843,0.24720356386854797,0.22356969394540321,0.5159671744143451,0.4219560818067735,1,0.44511883734767593,0.4312792090890906
12.193760871887207,0.19993582402225843,0.24720356386854797,0.22356969394540321,0.5159671744143451,0.4219560818067735,0,0.44511883734767593,0.4312792090890906
12.332006216049194,0.25912576888632455,0.2545491305737549,0.25683744973003975,0.5770287535840495,0.4442557841585651,0,0.4498087569567856,0.4367404084097745
12.345046997070312,0.25912576888632455,0.2545491305737549,0.25683744973003975,0.5770287535840495,0.4442557841585651,0,0.4498087569567856,0.4367404084097745
12.359114646911621,0.25912576888632455,0.2545491305737549,0.25683744973003975,0.5770287535840495,0.4442557841585651,0,0.4498087569567856,0.4367404084097745
12.372714757919312,0.25912576888632455,0.2545491305737549,0.25683744973003975,0.5770287535840495,0.4442557841585651,0,0.4498087569567856,0.4367404084097745
12.45252537727356,0.24658854888625062,0.252799993299233,0.24969427109274178,0.5340801800120988,0.43822285615333434,0,0.4205658521680178,0.415455008835797
12.466327667236328,0.24658854888625062,0.252799993299233,0.24969427109274178,0.5340801800120988,0.43822285615333434,0,0.4205658521680178,0.415455008835797
12.479411840438843,0.24658854888625062,0.252799993299233,0.24969427109274178,0.5340801800120988,0.43822285615333434,0,0.4205658521680178,0.415455008835797
12.602420806884766,0.25079337039882,0.24500368373003825,0.2478985270644291,0.5689445821922623,0.4527557114021864,0,0.4348188613619163,0.4099761739443762
12.615455389022827,0.25079337039882,0.24500368373003825,0.2478985270644291,0.5689445821922623,0.4527557114021864,0,0.4348188613619163,0.4099761739443762
12.725421667098999,0.2543900537480263,0.2621762288854843,0.25828314131675534,0.5817334800435752,0.4796369529119124,0,0.46761590460535163,0.4482977409272118
12.739465713500977,0.2543900537480263,0.2621762288854843,0.25828314131675534,0.5817334800435752,0.4796369529119124,0,0.46761590460535163,0.4482977409272118
12.752714157104492,0.2543900537480263,0.2621762288854843,0.25828314131675534,0.5817334800435752,0.4796369529119124,0,0.46761590460535163,0.4482977409272118
12.767189741134644,0.2543900537480263,0.2621762288854843,0.25828314131675534,0.5817334800435752,0.4796369529119124,0,0.46761590460535163,0.4482977409272118
12.857147216796875,0.23178536905732203,0.21288461299567515,0.2223349910264986,0.5886656295382873,0.5016280488075004,0,0.44443591786940567,0.4194501606973572
12.871310234069824,0.23178536905732203,0.21288461299567515,0.2223349910264986,0.5886656295382873,0.5016280488075004,0,0.44443591786940567,0.4194501606973572
12.885459899902344,0.23178536905732203,0.21288461299567515,0.2223349910264986,0.5886656295382873,0.5016280488075004,0,0.44443591786940567,0.4194501606973572
12.996482133865356,0.2045718452706594,0.23229763257648656,0.21843473892357299,0.5637497696752352,0.46295036883148616,0,0.4105691788121759,0.4191576144744341
13.009481191635132,0.2045718452706594,0.23229763257648656,0.21843473892357299,0.5637497696752352,0.46295036883148616,0,0.4105691788121759,0.4191576144744341
13.130714178085327,0.16827379032645237,0.2144328297234558,0.1913533100249541,0.5069535785294881,0.46070905500488324,0,0.41786242466327067,0.4115450055073267
13.144636392593384,0.16827379032645237,0.2144328297234558,0.1913533100249541,0.5069535785294881,0.46070905500488324,0,0.41786242466327067,0.4115450055073267
13.158697605133057,0.16827379032645237,0.2144328297234558,0.1913533100249541,0.5069535785294881,0.46070905500488324,0,0.41786242466327067,0.4115450055073267
13.172247409820557,0.16827379032645237,0.2144328297234558,0.1913533100249541,0.5069535785294881,0.46070905500488324,0,0.41786242466327067,0.4115450055073267
13.252399682998657,0.1741926241629013,0.24712346016335363,0.21065804216312745,0.47556312083197316,0.41277815699658704,1,0.3437389341944622,0.36686861331784304
13.265857219696045,0.1741926241629013,0.24712346016335363,0.21065804216312745,0.47556312083197316,0.41277815699658704,0,0.3437389341944622,0.36686861331784304
13.279860496520996,0.1741926241629013,0.24712346016335363,0.21065804216312745,0.47556312083197316,0.41277815699658704,0,0.3437389341944622,0.36686861331784304
13.402708053588867,0.19882840716199024,0.24606766178412748,0.22244803447305886,0.4893358933753443,0.3936757177766019,0,0.4553852075181217,0.4339585983114841
13.41593337059021,0.19882840716199024,0.24606766178412748,0.22244803447305886,0.4893358933753443,0.3936757177766019,0,0.4553852075181217,0.4339585983114841
13.524928331375122,0.1861034888343071,0.23881265079287098,0.21245806981358906,0.4723886406951533,0.37669058050177756,0,0.39955354900917006,0.40215146532627294
13.538917779922485,0.1861034888343071,0.23881265079287098,0.21245806981358906,0.4723886406951533,0.37669058050177756,0,0.39955354900917006,0.40215146532627294
13.552916288375854,0.1861034888343071,0.23881265079287098,0.21245806981358906,0.4723886406951533,0.37669058050177756,0,0.39955354900917006,0.40215146532627294
13.566425323486328,0.1861034888343071,0.23881265079287098,0.21245806981358906,0.4723886406951533,0.37669058050177756,0,0.39955354900917006,0.40215146532627294
13.658328771591187,0.22964970234605217,0.2742520831567147,0.25195089275138344,0.46394249043188845,0.3743879128162798,0,0.4572861290504186,0.44609291274183543
13.672152519226074,0.22964970234605217,0.2742520831567147,0.25195089275138344,0.46394249043188845,0.3743879128162798,0,0.4572861290504186,0.44609291274183543
13.686073541641235,0.22964970234605217,0.2742520831567147,0.25195089275138344,0.46394249043188845,0.3743879128162798,0,0.4572861290504186,0.44609291274183543
13.793782711029053,0.14252963208675942,0.16614982706813242,0.1543397295774459,0.46868803480473115,0.3763391535221859,0,0.41579897786415543,0.4034457452981534
13.807861089706421,0.14252963208675942,0.16614982706813242,0.1543397295774459,0.46868803480473115,0.3763391535221859,0,0.41579897786415543,0.4034457452981534
13.922727108001709,0.31440896034586086,0.3323318415029005,0.3233704009243807,0.5920053144255472,0.5041333022730862,1,0.4169632385944083,0.4121833207175247
